,stroma,plasmablast-enriched stroma,lymphoid structure,tumor-stroma boundary,myeloid-enriched stroma,tumor interior
0,0.07765583,0.31560543,0.08392849,0.13474292,0.097499125,0.29056817
1,0.078866884,0.29977292,0.096247874,0.13355088,0.08851812,0.30304334
2,0.07878172,0.24903294,0.09553323,0.13758792,0.07986652,0.35919765
3,0.063474804,0.23513523,0.08139139,0.12765205,0.09097499,0.40137154
4,0.07602246,0.20809144,0.06840387,0.14544639,0.069053434,0.43298244
5,0.067190066,0.16590689,0.09474328,0.1294878,0.085292675,0.4573793
6,0.09395723,0.234378,0.06882368,0.16003467,0.06424018,0.37856615
7,0.10660274,0.23954746,0.04342868,0.18288545,0.0420497,0.38548595
8,0.11764384,0.29089147,0.055622302,0.18076867,0.042800818,0.31227288
9,0.07262653,0.22226085,0.06381507,0.1422502,0.114293985,0.38475335
10,0.1290338,0.26608086,0.06545824,0.18456498,0.05065833,0.30420378
11,0.14049348,0.3457546,0.0565818,0.18351662,0.0781037,0.19554985
12,0.11368859,0.3883745,0.054549593,0.15916221,0.1290247,0.15520045
13,0.09345479,0.32417452,0.08156537,0.14308862,0.14187652,0.21584019
14,0.09641065,0.2818891,0.088208586,0.13759188,0.21334137,0.18255836
15,0.0980078,0.25287083,0.12245102,0.13075313,0.20490214,0.19101511
16,0.11639001,0.28701955,0.13736084,0.12525412,0.20158419,0.1323913
17,0.21808986,0.3149362,0.15237062,0.14580499,0.0791071,0.0896913
18,0.1599116,0.307581,0.15169655,0.13546471,0.13598676,0.109359324
19,0.24486303,0.26426527,0.20238492,0.11862517,0.107069924,0.06279169
20,0.13755244,0.3126922,0.21269612,0.09734541,0.16833963,0.071374156
21,0.17860329,0.35713056,0.23336905,0.086546004,0.10026189,0.044089243
22,0.15601814,0.38578713,0.22227673,0.073606886,0.12885211,0.033458985
23,0.14371312,0.41194892,0.25007778,0.07220238,0.08478153,0.037276227
24,0.1176319,0.34623936,0.30198675,0.0613162,0.13590139,0.036924303
25,0.13945365,0.37579477,0.302917,0.06390289,0.08329467,0.03463703
26,0.11211241,0.41703463,0.2868388,0.06591399,0.07484118,0.04325909
27,0.139635,0.39993095,0.28584358,0.07981156,0.04189679,0.05288204
28,0.09595789,0.38379946,0.31316802,0.06002351,0.10332071,0.043730482
29,0.1491142,0.4039134,0.25378984,0.08111798,0.06549407,0.04657041
30,0.110667676,0.38235742,0.25930503,0.06883508,0.13433169,0.044503164
31,0.11550943,0.40921876,0.20821042,0.07852773,0.13953933,0.048994344
32,0.13314614,0.4515849,0.15465961,0.08576414,0.13300066,0.041844543
33,0.1716465,0.40241516,0.20713006,0.09109743,0.08171651,0.045994326
34,0.121172674,0.36230305,0.20803069,0.084246635,0.16862057,0.055626366
35,0.12067357,0.344214,0.32195574,0.06225064,0.111658394,0.039247613
36,0.13232236,0.27000186,0.42557463,0.06364643,0.058206886,0.050247844
37,0.14923473,0.27110225,0.42967683,0.0693847,0.027766025,0.05283554
38,0.15117605,0.2669917,0.43060562,0.06406272,0.041926134,0.045237754
39,0.122138485,0.27278557,0.46660957,0.059236933,0.029535016,0.04969446
40,0.084940925,0.22698304,0.5001114,0.050227784,0.082390904,0.05534587
41,0.08339399,0.24818945,0.48941624,0.05298421,0.0649522,0.06106389
42,0.12652498,0.33233777,0.35991696,0.06678261,0.06636702,0.048070658
43,0.16747148,0.3601731,0.3100111,0.07448791,0.04726045,0.04059598
44,0.2048346,0.46380493,0.1770459,0.090143785,0.031146742,0.033023976
45,0.22535934,0.48242995,0.13607623,0.090936966,0.039019227,0.026178319
46,0.2780879,0.45641965,0.104008175,0.113247074,0.018694784,0.029542362
47,0.3794833,0.38892406,0.06875557,0.12815209,0.010215906,0.024469068
48,0.33120248,0.3468347,0.062337626,0.19170645,0.008106947,0.059811823
49,0.2173504,0.36553517,0.12181932,0.17171279,0.009936129,0.1136462
50,0.20287797,0.31583917,0.11932755,0.2006629,0.0032531642,0.15803927
51,0.21092391,0.22514004,0.134067,0.20553584,0.011082563,0.21325068
52,0.24142791,0.24260984,0.1475975,0.20492387,0.006953171,0.15648772
53,0.18798256,0.20034684,0.18825008,0.1891311,0.012740573,0.22154878
54,0.18762103,0.17592454,0.19573617,0.1900241,0.013290104,0.23740412
55,0.14242923,0.18990372,0.26469684,0.14392881,0.03328502,0.2257564
56,0.1264695,0.15745613,0.33469173,0.11659779,0.06421256,0.20057227
57,0.1482592,0.19099447,0.3153446,0.119539976,0.069528535,0.15633327
58,0.18420504,0.26121616,0.15652816,0.17490163,0.045595817,0.17755316
59,0.17995603,0.17145647,0.27857184,0.15588707,0.023335336,0.19079322
60,0.14830165,0.14993262,0.25865757,0.16095616,0.010924402,0.2712276
61,0.13872515,0.15012582,0.14770669,0.17798787,0.012158279,0.37329614
62,0.17980075,0.15535986,0.1764962,0.19480783,0.010163866,0.28337145
63,0.1760297,0.16550848,0.13266109,0.20564032,0.0067427605,0.31341764
64,0.13160202,0.21155941,0.10642301,0.18111312,0.01212343,0.35717896
65,0.15615675,0.18555003,0.10816766,0.19826338,0.008177659,0.3436845
66,0.1501337,0.23427798,0.06966213,0.20423171,0.004729102,0.33696538
67,0.1589236,0.2474496,0.04953454,0.21200673,0.008784963,0.32330048
68,0.17498262,0.27839765,0.062252007,0.2097997,0.010202169,0.2643658
69,0.17051992,0.34679827,0.04771382,0.20515777,0.0075417403,0.22226842
70,0.13536844,0.26363254,0.04762505,0.19911891,0.024124742,0.3301303
71,0.12798354,0.25393507,0.05152632,0.19306232,0.030958122,0.3425346
72,0.10556164,0.2690675,0.04176854,0.18166693,0.061559133,0.34037635
73,0.11897366,0.22986576,0.042797193,0.1925025,0.037772786,0.37808815
74,0.13112818,0.25239012,0.040514044,0.2013797,0.05303486,0.3215531
75,0.1436899,0.2759895,0.06046584,0.19562364,0.04001119,0.28421986
76,0.13838279,0.2576653,0.06054221,0.19391431,0.04498143,0.3045139
77,0.13566503,0.2551096,0.06207093,0.1904462,0.057966314,0.29874188
78,0.10503836,0.20313674,0.067515604,0.17091562,0.05860984,0.39478388
79,0.08431495,0.24818121,0.101554364,0.13978295,0.09616826,0.32999822
80,0.07465709,0.17560926,0.1237731,0.1263014,0.13814525,0.3615139
81,0.06719437,0.12276284,0.112516746,0.12007516,0.17111616,0.40633476
82,0.07539975,0.15177304,0.12143339,0.12719278,0.139831,0.38437006
83,0.067642935,0.13983065,0.18593554,0.10959958,0.1259011,0.37109014
84,0.07414727,0.14892519,0.20006594,0.11228003,0.123498894,0.34108263
85,0.08187687,0.20022586,0.14079092,0.12771696,0.12799275,0.3213967
86,0.08943945,0.20912504,0.18037625,0.12421992,0.1251969,0.27164242
87,0.08045474,0.22746028,0.19802953,0.115296185,0.11490453,0.26385477
88,0.094854034,0.23819458,0.15808477,0.13639483,0.060866054,0.31160575
89,0.06826292,0.1557487,0.14959048,0.113721885,0.17326246,0.33941346
90,0.07868573,0.15463342,0.13368176,0.1277451,0.13006715,0.37518686
91,0.059402846,0.12500553,0.09928403,0.114672974,0.21435118,0.38728338
92,0.056690585,0.091769174,0.11378623,0.106470436,0.21060832,0.4206752
93,0.066977255,0.1119685,0.109543435,0.1217785,0.122720465,0.4670119
94,0.07209347,0.1162598,0.084486276,0.13202861,0.13387159,0.46126026
95,0.0677846,0.09556001,0.0715683,0.1307045,0.10454405,0.5298385
96,0.072169825,0.107941724,0.07717561,0.13204432,0.17941314,0.43125543
97,0.07142832,0.11519173,0.0627274,0.13793397,0.16116776,0.45155084
98,0.07155262,0.10825288,0.053745367,0.14125569,0.15886198,0.4663314
99,0.052234884,0.058153313,0.06770036,0.108934686,0.21002486,0.5029519
100,0.055124015,0.07313825,0.06985316,0.112535246,0.26199162,0.42735776
101,0.046303477,0.05623388,0.06243095,0.10379545,0.23032765,0.50090855
102,0.048217617,0.06915849,0.046943806,0.1144197,0.24653484,0.4747255
103,0.05156277,0.053700645,0.028554965,0.12467427,0.2841399,0.45736748
104,0.05265071,0.079798855,0.04293706,0.12310879,0.26786426,0.43364036
105,0.057528675,0.079250835,0.047994744,0.12437614,0.3010083,0.3898413
106,0.06865593,0.10856346,0.056781273,0.13174357,0.3154623,0.31879354
107,0.081703074,0.12532954,0.059434526,0.14029102,0.31943896,0.2738028
108,0.06526998,0.08309504,0.07233401,0.12084535,0.29597655,0.362479
109,0.061188895,0.09800522,0.06763319,0.12010729,0.3188096,0.33425578
110,0.056767132,0.08673624,0.055662856,0.12056962,0.31160805,0.36865607
111,0.056249138,0.07557603,0.05915415,0.116270535,0.3304624,0.36228782
112,0.05055207,0.07805847,0.07316159,0.10693983,0.31546375,0.3758243
113,0.06422699,0.04683392,0.07847696,0.10692243,0.35700202,0.34653774
114,0.07928562,0.10050037,0.096613675,0.12218774,0.32624164,0.2751709
115,0.056369726,0.116377756,0.106867485,0.103454046,0.34769782,0.2692331
116,0.073926926,0.12947972,0.08993704,0.12276858,0.3214461,0.26244166
117,0.07479537,0.056734882,0.090225905,0.11378704,0.33815503,0.32630172
118,0.0825002,0.07361711,0.08436108,0.12360407,0.34487703,0.29104042
119,0.1099663,0.06331675,0.1094209,0.12364908,0.33347496,0.26017207
120,0.13080624,0.033185028,0.06709836,0.12336765,0.35976604,0.2857767
121,0.105698556,0.053937264,0.08046948,0.12783456,0.34387422,0.28818592
122,0.08256034,0.06762341,0.11584079,0.11573148,0.29595125,0.32229272
123,0.105257496,0.094959475,0.06852502,0.15101151,0.24022862,0.34001783
124,0.09162214,0.08465063,0.07160221,0.13428727,0.35420102,0.2636367
125,0.079812035,0.061371457,0.04149786,0.13667573,0.39092624,0.2897167
126,0.17131566,0.022862596,0.039040763,0.13336621,0.3623088,0.27110595
127,0.11152621,0.037382387,0.039609253,0.13930738,0.40010208,0.27207267
128,0.13997918,0.039603073,0.036884114,0.15513998,0.33393434,0.29445934
129,0.1017463,0.04408197,0.09695603,0.11347073,0.39063594,0.25310904
130,0.09337296,0.05309864,0.08459025,0.11932973,0.39538544,0.25422296
131,0.084167436,0.02751542,0.101526715,0.09071265,0.4897004,0.20637734
132,0.088084765,0.042222843,0.08508297,0.10560084,0.48634663,0.19266203
133,0.088689186,0.022398874,0.082192674,0.08612767,0.5677406,0.15285103
134,0.09036228,0.01870611,0.06280662,0.093597695,0.5377668,0.19676055
135,0.0675871,0.015022201,0.030738205,0.09819904,0.55536956,0.23308386
136,0.11242845,0.035551388,0.040359545,0.13209422,0.4735012,0.20606518
137,0.08891419,0.033997547,0.05386516,0.10174831,0.588467,0.13300774
138,0.19511189,0.024701491,0.049619965,0.10825192,0.5117388,0.110576
139,0.17100963,0.038258057,0.056087058,0.11611633,0.50939864,0.1091303
140,0.17970876,0.051190667,0.062594615,0.13448454,0.43060374,0.14141768
141,0.14895205,0.020590624,0.12100703,0.08213475,0.49478403,0.13253148
142,0.23881553,0.025835607,0.11079787,0.09558791,0.39384305,0.13512006
143,0.21746354,0.027150981,0.13611783,0.0905557,0.39502996,0.133682
144,0.1735902,0.023103295,0.21709691,0.06898141,0.40470105,0.112527095
145,0.13170972,0.015113536,0.23080546,0.047961246,0.49964008,0.07477005
146,0.108795084,0.0143006025,0.2390456,0.047159616,0.5073111,0.08338795
147,0.16139229,0.015018708,0.23724073,0.047933906,0.46500596,0.07340838
148,0.14015132,0.024286347,0.22108275,0.06284284,0.45790136,0.09373542
149,0.1774877,0.033570793,0.17434575,0.065916725,0.48458812,0.06409097
150,0.27179974,0.033906646,0.12997963,0.058501516,0.46969488,0.03611754
151,0.26360416,0.084132195,0.090567194,0.0896222,0.42966354,0.042410765
152,0.16267525,0.09110826,0.103062965,0.100353666,0.47623852,0.06656132
153,0.16895613,0.048137717,0.06280554,0.091517754,0.57280606,0.055776797
154,0.21956736,0.067142196,0.042280506,0.09517201,0.5388876,0.036950316
155,0.16793011,0.043563955,0.06664367,0.08292417,0.58932704,0.049611073
156,0.2745308,0.03931578,0.06147076,0.08398963,0.4930584,0.04763465
157,0.24323124,0.012072143,0.054091293,0.06966381,0.55573744,0.0652041
158,0.11377208,0.006865789,0.056784984,0.07403475,0.5729979,0.17554446
159,0.085877605,0.00872506,0.08721474,0.06234199,0.615225,0.14061558
160,0.16545947,0.009968265,0.0818657,0.061778665,0.6030847,0.07784323
161,0.2044569,0.009558741,0.112245865,0.038570598,0.60252744,0.03264048
162,0.15961118,0.010607123,0.23309526,0.031669576,0.5265585,0.03845828
163,0.17210053,0.016645227,0.23161197,0.040388416,0.4939986,0.04525523
164,0.114987,0.025052765,0.23346767,0.047559552,0.52411115,0.05482188
165,0.07336974,0.016805056,0.26077,0.043229084,0.5234956,0.082330465
166,0.08112489,0.02839833,0.2718048,0.047289435,0.5036418,0.06774075
167,0.091351405,0.017489826,0.29763252,0.044757206,0.46206588,0.08670312
168,0.06821854,0.009197974,0.29286498,0.041333023,0.44472238,0.14366311
169,0.080500536,0.010997524,0.25411844,0.04417117,0.4986012,0.11161107
170,0.06764427,0.012657811,0.2372539,0.05014065,0.47691056,0.15539286
171,0.07717397,0.01061027,0.24604061,0.049521025,0.45350736,0.16314678
172,0.115479894,0.0154588,0.20732044,0.058658265,0.48791593,0.1151666
173,0.14289562,0.0088034365,0.19705196,0.0436039,0.53142554,0.07621954
174,0.1406326,0.00974222,0.1818598,0.04526894,0.550225,0.07227143
175,0.09837947,0.010765745,0.14998485,0.054626063,0.57504576,0.11119814
176,0.14380455,0.016648494,0.22528465,0.060363065,0.44042104,0.11347819
177,0.12575273,0.028210515,0.18413483,0.06950549,0.49466935,0.097727075
178,0.1696174,0.044602077,0.06894121,0.10676992,0.5188946,0.09117477
179,0.20473433,0.015124604,0.042331055,0.0874548,0.5681141,0.0822411
180,0.118771054,0.010810437,0.036316056,0.07376663,0.6841251,0.07621077
181,0.08743713,0.005200814,0.04007977,0.0596097,0.705629,0.10204363
182,0.096572556,0.010695267,0.057033017,0.07042104,0.6583843,0.10689391
183,0.11993477,0.0037867785,0.04734295,0.044502493,0.726585,0.057848103
184,0.13845186,0.009154291,0.06597903,0.0559925,0.6688216,0.061600685
185,0.20948769,0.011755455,0.060959637,0.06450178,0.59442824,0.058867205
186,0.25015715,0.012510373,0.03832901,0.06939108,0.57612985,0.053482536
187,0.23792268,0.005622065,0.022245785,0.05475034,0.6363045,0.043154612
188,0.13480608,0.0072692716,0.038750317,0.07052991,0.65771556,0.0909289
189,0.1340601,0.0038080788,0.060352873,0.040228054,0.7104828,0.051068116
190,0.2407056,0.010999135,0.039485216,0.06090448,0.6040848,0.043820754
191,0.26777536,0.009423447,0.06359302,0.05162336,0.56315774,0.04442709
192,0.3095885,0.013053877,0.08762872,0.046191465,0.5080297,0.035507794
193,0.24176577,0.015149965,0.1300739,0.043673605,0.53553146,0.033805378
194,0.20248923,0.021393936,0.06964697,0.06886899,0.5875419,0.050059
195,0.25518802,0.026676914,0.073476106,0.07113965,0.5266077,0.046911612
196,0.19723043,0.018253786,0.15626955,0.05265273,0.52317107,0.05242239
197,0.27627432,0.03569038,0.13878764,0.07048276,0.42233,0.056434877
198,0.30377936,0.023341132,0.17514516,0.04663932,0.4131889,0.03790618
199,0.25407645,0.020510782,0.16390654,0.054157935,0.45412293,0.053225324
200,0.27233946,0.041738022,0.22696248,0.055860847,0.3570869,0.04601228
201,0.20475909,0.03156204,0.23734133,0.04483788,0.4451571,0.036342487
202,0.25005773,0.019468566,0.21483546,0.0465151,0.41808343,0.05103975
203,0.26027533,0.023821492,0.24060833,0.05112738,0.3633867,0.06078079
204,0.3250492,0.018783266,0.20617838,0.04600167,0.35240933,0.05157814
205,0.2820699,0.019685823,0.26253688,0.033931594,0.37015808,0.031617686
206,0.21511109,0.033662394,0.31058812,0.04001052,0.3640488,0.036578972
207,0.26895025,0.019040965,0.23556419,0.035702147,0.40863934,0.03210313
208,0.33612946,0.01758112,0.13266732,0.045021467,0.43148395,0.037116688
209,0.3387104,0.011611864,0.092282444,0.048702322,0.46059856,0.048094384
210,0.32903993,0.00998817,0.13446407,0.03486483,0.45847625,0.033166677
211,0.30730292,0.015519017,0.16115212,0.03672868,0.4503492,0.02894803
212,0.30619743,0.012326984,0.13770182,0.034268368,0.48304358,0.026461776
213,0.38128683,0.01411374,0.0827957,0.038201377,0.45898655,0.024615822
214,0.46368137,0.012177005,0.06939012,0.037975382,0.38888806,0.027888035
215,0.41317037,0.01148415,0.070069484,0.03708395,0.44234997,0.025841998
216,0.45157883,0.010053783,0.06560266,0.037422564,0.40541145,0.02993077
217,0.38011175,0.010778609,0.07455897,0.041588444,0.45884475,0.03411746
218,0.38294983,0.016369004,0.08655983,0.049947623,0.4236753,0.04049832
219,0.35721427,0.01994086,0.14278342,0.04371028,0.40161163,0.03473952
220,0.24070607,0.028800894,0.22418913,0.03866377,0.44091412,0.026726054
221,0.2590286,0.010394929,0.11074186,0.038581435,0.55038613,0.030867055
222,0.2855932,0.005926165,0.124450766,0.029486908,0.523603,0.030939935
223,0.21556075,0.008579867,0.1949313,0.034078415,0.50265545,0.044194233
224,0.22645916,0.011259573,0.1628035,0.042164095,0.5094963,0.047817424
225,0.2727712,0.01806853,0.19265035,0.05777548,0.37668574,0.08204868
226,0.2539093,0.023342831,0.22235906,0.055661973,0.37549353,0.069233336
227,0.30501732,0.017114716,0.21708426,0.041329667,0.37434956,0.045104392
228,0.2528902,0.06688237,0.21509157,0.059932604,0.36850998,0.036693152
229,0.2533147,0.040444214,0.28832054,0.043986592,0.3382515,0.035682432
230,0.3228346,0.054853052,0.18361855,0.079897925,0.2868649,0.07193094
231,0.36782008,0.065535136,0.23658536,0.08572258,0.16455597,0.07978079
232,0.21927778,0.054837726,0.31571156,0.08294856,0.2033363,0.12388807
233,0.16435087,0.020162245,0.3579007,0.06856884,0.16460328,0.22441402
234,0.11648,0.015963107,0.34118873,0.059205726,0.22237152,0.24479097
235,0.17990175,0.028517975,0.41527593,0.072472565,0.11615642,0.18767536
236,0.14776365,0.013881918,0.41855228,0.062417597,0.0842742,0.27311027
237,0.14347203,0.023184778,0.49738166,0.061963473,0.074590854,0.1994072
238,0.10169275,0.007184818,0.59930754,0.035783045,0.04837684,0.20765506
239,0.07277751,0.009715929,0.6222234,0.032987263,0.067681216,0.19461465
240,0.08508069,0.00546343,0.65239525,0.029590955,0.028640924,0.19882876
241,0.071609825,0.010307737,0.6370217,0.033861294,0.04698938,0.20021008
242,0.073359795,0.0081881145,0.66360295,0.029445538,0.05102167,0.1743819
243,0.0736476,0.006378447,0.607323,0.032357294,0.040833596,0.23946005
244,0.11552436,0.014944481,0.5683074,0.05000877,0.038240906,0.21297409
245,0.110452846,0.010437458,0.573717,0.046985265,0.02128619,0.23712128
246,0.08454499,0.01100114,0.6134735,0.041220944,0.020713303,0.22904617
247,0.062060375,0.009172513,0.67073625,0.030515252,0.029324954,0.19819064
248,0.06590764,0.008774546,0.6280084,0.03389004,0.030399594,0.23301971
249,0.08446037,0.014569692,0.5829911,0.045744956,0.033912994,0.23832083
250,0.22442853,0.25930357,0.19417857,0.15079261,0.06322877,0.10806799
251,0.18761598,0.39339924,0.16597822,0.11071084,0.08585602,0.05643974
252,0.2557049,0.37846792,0.08451311,0.14210154,0.088301286,0.050911196
253,0.2594707,0.37057602,0.06412872,0.13892628,0.1245609,0.042337347
254,0.20242614,0.44425374,0.07707913,0.13602614,0.0862381,0.053976804
255,0.31075215,0.37458652,0.049040463,0.17123613,0.044626866,0.049757887
256,0.31452662,0.36271775,0.051449884,0.17295955,0.046153277,0.05219294
257,0.22523287,0.36077136,0.07440965,0.14253034,0.14162436,0.05543138
258,0.32290056,0.31872082,0.036940858,0.24253455,0.003978485,0.074924655
259,0.1543101,0.398707,0.07387007,0.14127286,0.15332547,0.07851443
260,0.25303602,0.27995095,0.033229575,0.24545805,0.022503026,0.16582231
261,0.1787902,0.37163544,0.040676773,0.20682271,0.031678095,0.17039679
262,0.18609226,0.3529834,0.03675853,0.2156438,0.024393767,0.18412836
263,0.19637771,0.32855853,0.05563304,0.20890087,0.032628123,0.1779018
264,0.15258704,0.4676261,0.06734189,0.16383596,0.013400066,0.13520901
265,0.18609238,0.51528156,0.048088416,0.16066773,0.013940632,0.075929284
266,0.1679017,0.4259383,0.04576042,0.20037581,0.0034487236,0.1565751
267,0.19266236,0.3572978,0.06289306,0.20163348,0.013866124,0.17164713
268,0.19245432,0.31777966,0.05826799,0.21153337,0.0076468964,0.2123178
269,0.11656917,0.26587853,0.09738719,0.16474253,0.052837893,0.30258468
270,0.16598532,0.30325997,0.11104984,0.18289846,0.02647013,0.21033627
271,0.1617256,0.34080824,0.064391404,0.19017875,0.051064007,0.19183207
272,0.14396384,0.31512356,0.08153745,0.1816473,0.036942597,0.24078523
273,0.13596138,0.34778345,0.08705183,0.1751643,0.013228537,0.24081047
274,0.15764791,0.29941204,0.090345405,0.19140536,0.01037083,0.25081846
275,0.13793041,0.3143061,0.088519804,0.17840464,0.02090322,0.25993586
276,0.10517795,0.35059506,0.100259066,0.15007472,0.032367855,0.2615253
277,0.08954223,0.3321999,0.11701295,0.13433608,0.07470498,0.25220385
278,0.105422415,0.34168822,0.098754555,0.15062301,0.04601612,0.25749573
279,0.0773533,0.3114386,0.118139096,0.1252505,0.103818595,0.26399994
280,0.08072999,0.39134458,0.093348846,0.1307087,0.05330115,0.25056675
281,0.077847995,0.37379253,0.09594173,0.12997755,0.031664584,0.29077554
282,0.080466725,0.374455,0.10778334,0.12876044,0.0393838,0.26915073
283,0.1008428,0.33435497,0.13092375,0.14020948,0.03679293,0.25687605
284,0.12513626,0.26903453,0.15422516,0.15779093,0.015602308,0.27821073
285,0.10447649,0.30641198,0.17967667,0.13089374,0.053986073,0.22455502
286,0.0981319,0.3844505,0.18029857,0.117418855,0.033051103,0.18664905
287,0.11425098,0.2850828,0.17158705,0.14169022,0.043296587,0.2440924
288,0.10442342,0.30745643,0.087101586,0.1551997,0.07005846,0.2757604
289,0.06776441,0.34458745,0.08161718,0.12627256,0.08037925,0.2993792
290,0.08149549,0.3675515,0.08357562,0.13602643,0.057810005,0.27354094
291,0.09000127,0.39437205,0.08702085,0.13890402,0.051492978,0.23820882
292,0.11713854,0.33326095,0.10509764,0.15435828,0.068132,0.22201253
293,0.1158264,0.31606066,0.1582535,0.14139517,0.053954717,0.21450956
294,0.124846935,0.37725556,0.1894205,0.12246347,0.04782103,0.13819255
295,0.09002491,0.32601956,0.2199153,0.10687873,0.08375772,0.17340378
296,0.080504544,0.3018511,0.26916352,0.09214254,0.102628276,0.15371004
297,0.09358529,0.3651962,0.30703124,0.07196685,0.09251585,0.069704585
298,0.12500687,0.26801026,0.4105853,0.078677304,0.03664979,0.08107042
299,0.13656239,0.298954,0.33236557,0.09345573,0.04867868,0.08998357
300,0.16368662,0.27273554,0.28801727,0.11813102,0.04431952,0.113110065
301,0.11331769,0.28995454,0.30722547,0.08369352,0.12406828,0.08174049
302,0.09588188,0.2761151,0.38521618,0.06523785,0.11160047,0.06594857
303,0.1078084,0.3166249,0.3334828,0.0788425,0.08470389,0.078537546
304,0.13887405,0.34479067,0.30508226,0.0879951,0.053079065,0.070178874
305,0.12339446,0.34673208,0.36701465,0.07092833,0.03498197,0.056948517
306,0.09807175,0.34128264,0.31032586,0.08720611,0.051790453,0.111323155
307,0.09317605,0.24129985,0.3867965,0.08715713,0.04746846,0.144102
308,0.11783141,0.24431328,0.27681568,0.124521054,0.02112031,0.21539827
309,0.10962149,0.24544336,0.24029268,0.12731536,0.04187989,0.23544712
310,0.14668657,0.29173726,0.21120688,0.1415955,0.036140528,0.17263328
311,0.18803117,0.28232545,0.12975313,0.18763371,0.021212852,0.19104369
312,0.15659006,0.29626402,0.11968781,0.174672,0.04113764,0.21164842
313,0.110715054,0.3204017,0.09859458,0.153338,0.075576395,0.24137427
314,0.1755186,0.2960773,0.079187445,0.1954895,0.041105244,0.21262185
315,0.18271102,0.26330304,0.06983892,0.200641,0.076769024,0.20673695
316,0.11568687,0.23803358,0.10318644,0.15074697,0.17437662,0.2179695
317,0.12650813,0.21299101,0.1319629,0.16051333,0.084022425,0.28400224
318,0.16018468,0.22419894,0.123697825,0.18827242,0.025857996,0.27778816
319,0.17175044,0.22109966,0.1301136,0.19205211,0.023856789,0.2611274
320,0.09229345,0.20733258,0.11264516,0.14195639,0.12469909,0.3210734
321,0.11446555,0.2421777,0.078326054,0.17194915,0.0494618,0.3436197
322,0.06827854,0.17221713,0.08963113,0.13177937,0.09336375,0.44473007
323,0.10659613,0.17290777,0.06621315,0.16999336,0.08763287,0.39665672
324,0.10320376,0.21169966,0.05751674,0.17215805,0.07663587,0.37878588
325,0.10054803,0.27492395,0.045666635,0.17390415,0.07580401,0.3291532
326,0.104585,0.30397937,0.04649847,0.17594561,0.04617401,0.32281762
327,0.101751074,0.3320626,0.04636903,0.17119199,0.05204597,0.29657936
328,0.09055605,0.28853285,0.05329887,0.15960015,0.09465425,0.31335786
329,0.12567312,0.23639241,0.037206482,0.19963512,0.07922674,0.32186612
330,0.1874645,0.20419045,0.021157343,0.24905822,0.054500803,0.28362867
331,0.13955252,0.20871064,0.037467156,0.20649832,0.09507911,0.31269222
332,0.13580932,0.1918222,0.047594763,0.19396684,0.13212007,0.2986868
333,0.13509127,0.17002444,0.03404133,0.20473066,0.12802576,0.32808653
334,0.090201214,0.15373151,0.057216734,0.15995988,0.12127022,0.4176205
335,0.09075614,0.17520157,0.050907858,0.16413422,0.12430429,0.394696
336,0.11000353,0.19657736,0.053451072,0.1750252,0.1478644,0.3170784
337,0.10159924,0.22690617,0.07655752,0.15333603,0.1968665,0.24473459
338,0.10475961,0.22106367,0.07295037,0.15519653,0.2142358,0.23179401
339,0.14125891,0.24366689,0.088012,0.16482727,0.18045409,0.18178083
340,0.0794792,0.19375399,0.1315786,0.11676268,0.27357855,0.20484698
341,0.095599376,0.2280882,0.1088094,0.1361607,0.20613186,0.22521038
342,0.10509441,0.20967838,0.13029027,0.13483849,0.2094433,0.21065517
343,0.106072515,0.24220502,0.115586914,0.13728137,0.20774056,0.19111362
344,0.10898675,0.22667386,0.098951824,0.14302467,0.23251963,0.18984325
345,0.13258748,0.27281457,0.103793204,0.15713264,0.1501811,0.18349107
346,0.2056398,0.24443784,0.12572865,0.16479343,0.13266762,0.12673268
347,0.23401822,0.24362107,0.17147194,0.15858944,0.07887399,0.113425344
348,0.12990946,0.18140078,0.18552437,0.11854746,0.25457683,0.13004115
349,0.13492653,0.15381013,0.2547849,0.098226465,0.25617856,0.10207341
350,0.15833881,0.12868625,0.22523157,0.10520658,0.27699536,0.105541386
351,0.15052846,0.18939029,0.23203129,0.098599344,0.24688403,0.08256665
352,0.138263,0.21396425,0.26065058,0.08765887,0.22803558,0.07142772
353,0.16208571,0.18512347,0.2862198,0.091560215,0.19653593,0.07847485
354,0.1291307,0.1956917,0.29532948,0.08975861,0.19985086,0.09023859
355,0.11677339,0.1709478,0.29704723,0.088316694,0.22732773,0.09958719
356,0.1342978,0.21629946,0.26622078,0.08738708,0.2221945,0.07360044
357,0.11935522,0.16104743,0.26070368,0.088710025,0.28071657,0.0894671
358,0.14283405,0.1974095,0.2593925,0.08924197,0.23740046,0.07372155
359,0.13922653,0.18834762,0.232447,0.10092258,0.24549918,0.0935571
360,0.17544849,0.2178088,0.16836411,0.110581726,0.25534213,0.07245475
361,0.17196731,0.22300711,0.117353745,0.14330818,0.23580065,0.10856298
362,0.25415352,0.19336183,0.082990125,0.20899485,0.08836386,0.17213579
363,0.24606891,0.18186843,0.096488416,0.18792874,0.13409643,0.15354903
364,0.20859729,0.1643201,0.11723249,0.15535708,0.21966371,0.13482936
365,0.1690538,0.17243475,0.124738045,0.13492857,0.28932723,0.10951762
366,0.1894251,0.1882883,0.11249835,0.14351831,0.260278,0.105992004
367,0.12491924,0.18338752,0.1443869,0.12898353,0.2721897,0.14613307
368,0.11404626,0.16374919,0.12145705,0.13685381,0.2688623,0.19503136
369,0.11115347,0.11631359,0.14372092,0.12911901,0.26755315,0.23213983
370,0.09035632,0.121713914,0.09673893,0.13202517,0.29410148,0.26506427
371,0.103570156,0.08667193,0.09834743,0.12836286,0.37027004,0.21277758
372,0.0897854,0.100834966,0.100997746,0.12158659,0.38486445,0.20193085
373,0.069388285,0.10041756,0.1349769,0.10410253,0.3606772,0.23043753
374,0.08034554,0.13137236,0.14264384,0.111756206,0.32672277,0.20715925
375,0.099755876,0.1372445,0.105301954,0.13439403,0.28975326,0.23355044
376,0.07078835,0.14399546,0.092271395,0.122135684,0.28847483,0.28233424
377,0.08935387,0.113138564,0.087569445,0.13527906,0.2757961,0.29886293
378,0.06991204,0.10115445,0.07327742,0.1279074,0.26054284,0.36720583
379,0.09382265,0.067597605,0.08769239,0.13068898,0.2596003,0.36059803
380,0.0643725,0.058689483,0.10539441,0.106773704,0.26403475,0.40073514
381,0.09423122,0.11568013,0.10730389,0.13262558,0.26682842,0.28333086
382,0.08804651,0.09560605,0.16026779,0.114527896,0.2711423,0.27040946
383,0.08112355,0.058550544,0.17915808,0.0994209,0.28651357,0.2952334
384,0.09417463,0.06945935,0.18641977,0.10543402,0.2893697,0.25514257
385,0.110265575,0.05863052,0.21259044,0.10145835,0.26535085,0.25170425
386,0.12017771,0.08719145,0.18422952,0.11803607,0.26478484,0.22558044
387,0.10748749,0.04010135,0.21790966,0.08652549,0.35598862,0.19198741
388,0.09649255,0.03406768,0.22411047,0.081897914,0.32984608,0.23358527
389,0.07584635,0.019803708,0.23695087,0.06644992,0.29549474,0.30545443
390,0.13412341,0.054602586,0.17890197,0.11150942,0.25937092,0.26149163
391,0.098966,0.046154354,0.15885009,0.10396897,0.2770226,0.31503803
392,0.13462736,0.05422738,0.11941903,0.1231139,0.2984622,0.27015007
393,0.1401779,0.060562924,0.12895037,0.1257314,0.27561477,0.26896265
394,0.09538759,0.04361679,0.114273004,0.11000161,0.31208646,0.32463455
395,0.09966571,0.0818145,0.08082767,0.13706215,0.30225945,0.29837054
396,0.120028935,0.059248395,0.100702494,0.12441548,0.37259063,0.22301407
397,0.10857069,0.06656809,0.061381355,0.14266571,0.3374976,0.2833166
398,0.08191328,0.046444006,0.09771536,0.111747734,0.30571166,0.3564679
399,0.077207714,0.033876058,0.084845245,0.10514872,0.32573935,0.37318283
400,0.08976075,0.037080012,0.092597455,0.10889851,0.33816767,0.33349562
401,0.12770462,0.042382393,0.068973824,0.12985155,0.35071293,0.28037474
402,0.08781419,0.03215105,0.098408334,0.10263844,0.3430391,0.33594897
403,0.09871847,0.028541688,0.09284181,0.10488969,0.32229248,0.35271594
404,0.10408198,0.018209988,0.07012063,0.09912524,0.35846567,0.34999645
405,0.1079055,0.027294599,0.0597417,0.117773965,0.3394534,0.34783077
406,0.10609663,0.03704805,0.09932966,0.11039009,0.34538522,0.30175033
407,0.17863317,0.08277015,0.07978537,0.15196873,0.32568994,0.18115266
408,0.20368376,0.03367675,0.06358723,0.13027155,0.37255114,0.19622958
409,0.20882897,0.07592285,0.049916893,0.1634884,0.3469968,0.15484604
410,0.21520722,0.041757062,0.062810235,0.12842159,0.41074607,0.14105782
411,0.2970115,0.030536626,0.03851501,0.114383705,0.41587815,0.103674956
412,0.26584652,0.022224978,0.04577253,0.10945485,0.42703182,0.12966925
413,0.2512675,0.008378555,0.047972444,0.089762144,0.39461267,0.20800665
414,0.22584406,0.015962712,0.053999703,0.10696318,0.41531903,0.18191132
415,0.18237634,0.019380458,0.06036201,0.11051952,0.4333346,0.19402713
416,0.13693269,0.010312668,0.081865884,0.0803277,0.501243,0.18931805
417,0.14476155,0.01506282,0.07288225,0.096083984,0.44234577,0.22886367
418,0.18283656,0.018574638,0.059754044,0.106534526,0.46128774,0.17101246
419,0.21878923,0.016248457,0.033983532,0.1193991,0.41714483,0.19443487
420,0.23622207,0.015406524,0.051089298,0.0936234,0.49063683,0.11302184
421,0.23644665,0.013338829,0.060674008,0.08297475,0.5057336,0.100832224
422,0.20236166,0.00975842,0.08934952,0.07566206,0.476878,0.14599039
423,0.18899399,0.028747907,0.11946487,0.09220348,0.44557002,0.12501962
424,0.24002714,0.038066383,0.08472697,0.1073901,0.41984445,0.109944955
425,0.19726682,0.037580736,0.07609355,0.10987171,0.46528766,0.113899454
426,0.2953896,0.022677612,0.0613018,0.09900143,0.40244535,0.119184166
427,0.30025655,0.013536416,0.07756414,0.06377391,0.47991493,0.06495398
428,0.27833185,0.027454384,0.11889874,0.051612314,0.4935204,0.030182289
429,0.35364017,0.020692522,0.053147018,0.06647451,0.46064207,0.045403685
430,0.24149191,0.010067274,0.08588329,0.06586019,0.5086148,0.08808256
431,0.30773327,0.007861664,0.11250566,0.044650894,0.46902165,0.05822688
432,0.2175714,0.011981621,0.18871137,0.034949783,0.51191646,0.034869354
433,0.18503849,0.012713783,0.21244158,0.04395612,0.48512888,0.06072112
434,0.15833241,0.019063167,0.19704102,0.046086032,0.5313568,0.04812056
435,0.13242587,0.009775894,0.32626012,0.020805454,0.4848158,0.025916869
436,0.18033983,0.01331607,0.23202725,0.030255519,0.51486516,0.029196147
437,0.1840108,0.03325913,0.19909662,0.044828583,0.50824916,0.030555705
438,0.16331846,0.025209567,0.21745099,0.03779407,0.5277509,0.028475972
439,0.23251313,0.029312598,0.22847104,0.039490104,0.442199,0.028014148
440,0.19823961,0.025999887,0.2182984,0.037318964,0.49394485,0.026198361
441,0.22163095,0.018630814,0.2697341,0.030819986,0.43156675,0.027617466
442,0.17525214,0.013604208,0.21120898,0.031552956,0.53969234,0.028689414
443,0.23794644,0.028159559,0.24832663,0.037140504,0.42094675,0.027480137
444,0.17252368,0.020617165,0.36379644,0.026468059,0.3895279,0.02706672
445,0.1593805,0.02097686,0.34272215,0.030337976,0.41336352,0.033218957
446,0.107278876,0.027601175,0.38502565,0.03183895,0.41010106,0.038154338
447,0.1588836,0.013348801,0.43430007,0.021060053,0.34348962,0.028917994
448,0.18315633,0.0053105657,0.42303786,0.013955235,0.3508598,0.023680203
449,0.13240531,0.0075546918,0.45032102,0.015743542,0.36758626,0.026389195
450,0.10496507,0.0069515924,0.45079863,0.016698953,0.38734078,0.03324491
451,0.0991714,0.010276164,0.477984,0.02463431,0.32767507,0.060259037
452,0.08258211,0.005816001,0.50144166,0.021865536,0.30739555,0.080899134
453,0.08937148,0.0051034135,0.48428935,0.017931586,0.34864426,0.054659884
454,0.080628395,0.0087376125,0.5551778,0.02011427,0.2782992,0.057042696
455,0.13292368,0.010890774,0.43558508,0.033974197,0.2919621,0.09466423
456,0.09392152,0.00627325,0.46514297,0.015829923,0.38458207,0.03425026
457,0.10195245,0.005109114,0.46059117,0.013509051,0.39071175,0.028126517
458,0.06404,0.0024243023,0.5280128,0.008780132,0.36942768,0.027315116
459,0.07362029,0.0034418977,0.5156635,0.010055525,0.37125295,0.025965849
460,0.09120225,0.004259253,0.52266544,0.012672531,0.33517468,0.03402585
461,0.06374926,0.0036073679,0.48478645,0.01133789,0.40615252,0.030366497
462,0.05804436,0.0030521678,0.4562918,0.010586549,0.44335258,0.02867248
463,0.08753169,0.004053271,0.37466946,0.013922447,0.49170187,0.028121233
464,0.08158247,0.006279349,0.36941722,0.01730716,0.4932924,0.032121394
465,0.07194928,0.0047217812,0.37180692,0.014151639,0.5098671,0.027503395
466,0.08652064,0.005948199,0.32548803,0.019675951,0.5255867,0.036780395
467,0.06278092,0.0043450566,0.34215915,0.01395073,0.54973465,0.027029486
468,0.06158782,0.007259386,0.41839343,0.015835647,0.466175,0.030748755
469,0.088574134,0.00895017,0.3957082,0.020173589,0.45052403,0.03606987
470,0.0518456,0.004942478,0.3803935,0.016680053,0.50291663,0.043221753
471,0.04145079,0.0030786134,0.39471275,0.014417242,0.49449545,0.05184512
472,0.03500606,0.0023308808,0.41665053,0.012205935,0.48224735,0.05155929
473,0.07075382,0.0053910967,0.40192747,0.017447034,0.46204916,0.042431425
474,0.07560636,0.0033161838,0.37676403,0.017496599,0.47191086,0.05490603
475,0.105632246,0.0025929352,0.3209474,0.014815296,0.5207687,0.03524334
476,0.058718804,0.0043651853,0.37059018,0.01873498,0.49208266,0.05550826
477,0.08375171,0.007623947,0.33185834,0.028960358,0.47621915,0.07158649
478,0.09091197,0.0034024403,0.32508102,0.020524826,0.50088793,0.059191827
479,0.067769624,0.0027153082,0.32340676,0.015094763,0.550672,0.040341523
480,0.06596653,0.0034554529,0.33807144,0.016676707,0.53155565,0.04427421
481,0.09547063,0.003890369,0.28807062,0.02071519,0.54482144,0.04703169
482,0.1459661,0.005384358,0.27370453,0.024075368,0.50736284,0.043506883
483,0.11511146,0.0045869006,0.29767278,0.01946331,0.5269134,0.036252134
484,0.14526258,0.0042724446,0.26266125,0.019115716,0.5375764,0.031111643
485,0.1230396,0.0037877269,0.23177877,0.020900436,0.5839346,0.03655881
486,0.14242934,0.0028017077,0.21845461,0.019408898,0.5804576,0.036447816
487,0.1590127,0.0048846984,0.17650166,0.034495275,0.56082934,0.06427629
488,0.19216035,0.0037642592,0.15376464,0.031978264,0.55881745,0.059514996
489,0.21054047,0.0020021354,0.13008201,0.0251946,0.5804961,0.051684666
490,0.23717976,0.0020505702,0.18143077,0.017464917,0.5300103,0.031863715
491,0.274443,0.0067699077,0.1538036,0.03186846,0.4946664,0.038448576
492,0.17419414,0.007992838,0.24508695,0.029656027,0.49940473,0.043665297
493,0.19833177,0.008396416,0.3021993,0.027870927,0.41624922,0.04695233
494,0.19685577,0.007904106,0.30615708,0.02434853,0.42697135,0.037763145
495,0.22678399,0.007382145,0.23086391,0.027774671,0.46913564,0.038059592
496,0.20661777,0.015845213,0.2519245,0.03714973,0.44546214,0.043000575
497,0.2050857,0.025480982,0.25958094,0.041927896,0.42769668,0.04022788
498,0.20526761,0.010837412,0.2584537,0.028078105,0.46439976,0.032963432
499,0.19479492,0.033076767,0.2853095,0.04723742,0.39123103,0.048350472
500,0.2647053,0.11664889,0.2389857,0.0724902,0.26532793,0.04184195
501,0.35157242,0.11254752,0.2160715,0.09836565,0.15399751,0.06744533
502,0.5718672,0.09933608,0.13013072,0.088505134,0.07064561,0.03951525
503,0.47708583,0.020645985,0.14745605,0.07732919,0.1571054,0.12037747
504,0.4214059,0.010197152,0.16221172,0.062674955,0.1948498,0.14866048
505,0.42714953,0.017663157,0.102279104,0.0786981,0.25192636,0.122283764
506,0.40269303,0.009127433,0.032460425,0.10397822,0.21830362,0.23343733
507,0.13088249,0.006113222,0.012934719,0.1171495,0.21074055,0.5221795
508,0.14207423,0.014165175,0.008409108,0.16952965,0.17164098,0.49418077
509,0.22434868,0.022137702,0.009650443,0.20368469,0.10250278,0.43767574
510,0.15936495,0.0070792027,0.0052828826,0.15762347,0.06445549,0.6061941
511,0.06404957,0.0036257305,0.0027722556,0.11077154,0.040757447,0.7780235
512,0.04293653,0.0023127664,0.003308446,0.08070569,0.025352884,0.8453837
513,0.21200238,0.30763477,0.18971255,0.1301697,0.08092652,0.07955408
514,0.38603657,0.3025131,0.016673543,0.24091983,0.0060305274,0.04782643
515,0.21004087,0.44391403,0.042757623,0.1858727,0.029521653,0.08789311
516,0.33837533,0.33616695,0.024846667,0.21940187,0.02286173,0.058347452
517,0.40467098,0.21383885,0.021046616,0.23029108,0.059132352,0.0710201
518,0.29112732,0.27342388,0.032950703,0.211469,0.10995426,0.08107483
519,0.4704244,0.21787386,0.030599702,0.1800709,0.055549864,0.045481265
520,0.38096768,0.31159425,0.03712613,0.19066967,0.02930474,0.05033749
521,0.33932355,0.21400373,0.029384116,0.24012116,0.07197589,0.105191596
522,0.29452384,0.2800233,0.041724116,0.23700818,0.024677,0.1220436
523,0.22209951,0.29105827,0.045061827,0.21122381,0.110447094,0.12010946
524,0.26557153,0.27377078,0.032343153,0.24121016,0.05604514,0.13105924
525,0.36616606,0.2900104,0.029935807,0.22135545,0.025688097,0.06684419
526,0.3339645,0.3763807,0.055930737,0.16792478,0.01965974,0.046139553
527,0.3241946,0.4200536,0.051794015,0.1503874,0.019509638,0.03406075
528,0.20827049,0.5084489,0.060045645,0.1450525,0.023528561,0.054653898
529,0.20832023,0.497482,0.10022579,0.11950764,0.029651478,0.04481283
530,0.15027472,0.53432405,0.11745923,0.10632519,0.034803327,0.05681344
531,0.09147116,0.49682406,0.07081572,0.13056552,0.05598775,0.15433578
532,0.12321181,0.3809785,0.10787551,0.15551136,0.014649181,0.21777363
533,0.12794624,0.37830773,0.12688221,0.15253751,0.00943231,0.20489398
534,0.09414291,0.3858453,0.10690605,0.13705023,0.02650316,0.24955232
535,0.1295825,0.33536476,0.10869357,0.16621383,0.012592578,0.24755277
536,0.12086361,0.32004794,0.09748803,0.16371275,0.032156207,0.2657314
537,0.11868515,0.34250042,0.104691155,0.16144611,0.009294593,0.2633826
538,0.12904406,0.32753292,0.06215985,0.1841744,0.007825125,0.28926367
539,0.07893832,0.3110848,0.069501914,0.14485101,0.01634591,0.37927806
540,0.09681789,0.30147347,0.0935441,0.15405677,0.008353246,0.34575447
541,0.10606938,0.28847903,0.10292704,0.15950695,0.009747821,0.3332698
542,0.10512084,0.31862128,0.080358505,0.16221164,0.012854947,0.32083273
543,0.11611797,0.2729206,0.1444017,0.15370385,0.018627029,0.29422885
544,0.12751801,0.32091266,0.107807234,0.16407396,0.03083986,0.24884827
545,0.08759478,0.3249165,0.084126644,0.14383912,0.06326946,0.29625347
546,0.079486795,0.34307683,0.10407982,0.13114923,0.050712425,0.2914949
547,0.10114969,0.46168247,0.098930284,0.13358139,0.014520959,0.19013518
548,0.12946679,0.43249378,0.09325923,0.1550064,0.010358679,0.17941512
549,0.1029972,0.39354405,0.083446525,0.1495044,0.03442689,0.23608096
550,0.10116328,0.28926417,0.095190175,0.15569998,0.02742037,0.33126196
551,0.071920305,0.28262606,0.06346513,0.1416294,0.047196295,0.3931628
552,0.096995994,0.34241143,0.08048479,0.15149477,0.039978478,0.2886345
553,0.08203265,0.34419373,0.0640399,0.14671467,0.031108124,0.3319109
554,0.09999918,0.3942637,0.08744253,0.14531343,0.049942467,0.2230387
555,0.10198836,0.4339313,0.12109324,0.12268802,0.07547162,0.14482747
556,0.11403274,0.3886575,0.1356573,0.13602893,0.047319204,0.17830431
557,0.066677555,0.24862827,0.1403945,0.1127326,0.15138662,0.28018045
558,0.07208413,0.2913781,0.08893889,0.12860186,0.13468263,0.28431433
559,0.095372714,0.30055645,0.08863959,0.14830409,0.08408331,0.28304386
560,0.07013326,0.29368904,0.0847897,0.12757787,0.14620568,0.27760443
561,0.062283196,0.23087345,0.110419646,0.114073135,0.19492452,0.28742602
562,0.084984384,0.28363195,0.15261295,0.123973176,0.11170776,0.2430897
563,0.12687504,0.32399136,0.14008915,0.14020811,0.10724079,0.16159555
564,0.079630636,0.33843085,0.14405142,0.117228106,0.10946778,0.21119118
565,0.07927473,0.27431402,0.14708644,0.12209126,0.111395635,0.26583794
566,0.07694367,0.3002941,0.14895977,0.1176414,0.11978549,0.23637551
567,0.11087479,0.40802473,0.17722236,0.112846315,0.06367321,0.12735865
568,0.13852791,0.45375395,0.14783639,0.12467159,0.025246253,0.10996392
569,0.18332133,0.38907403,0.16269098,0.14390634,0.0120535595,0.108953774
570,0.111034155,0.29142025,0.22717047,0.121676244,0.06487299,0.18382592
571,0.091509655,0.25941688,0.179956,0.12279195,0.11926402,0.22706148
572,0.11941754,0.2748811,0.1860394,0.14115292,0.049065493,0.22944355
573,0.12985767,0.25532824,0.1859221,0.1486413,0.043099478,0.23715122
574,0.07187562,0.17182903,0.24554911,0.1053269,0.101825655,0.30359364
575,0.11804534,0.251841,0.20185907,0.12855148,0.11862017,0.18108289
576,0.14550099,0.3155402,0.19662671,0.12810138,0.088703774,0.12552693
577,0.11384465,0.28962517,0.24269362,0.113340765,0.09061243,0.14988339
578,0.12638704,0.2592676,0.23691106,0.11821299,0.11388735,0.14533395
579,0.1339054,0.24590003,0.1845568,0.14573346,0.08647824,0.20342614
580,0.15689416,0.2753927,0.17474036,0.15176667,0.073282935,0.16792317
581,0.23094037,0.24495839,0.21736877,0.15661214,0.031185137,0.11893522
582,0.1694708,0.2120826,0.27281827,0.14341763,0.034804,0.16740677
583,0.15049526,0.19058341,0.24645787,0.14659947,0.054133613,0.21173032
584,0.18557677,0.20039222,0.20508273,0.17618838,0.027442567,0.2053173
585,0.12557432,0.19805881,0.2257884,0.13904047,0.07042896,0.24110907
586,0.13130124,0.20073856,0.18638234,0.15368912,0.049766082,0.2781226
587,0.17506625,0.1884036,0.19027452,0.17644928,0.03708979,0.23271658
588,0.20169464,0.21312977,0.16773535,0.18765594,0.03213475,0.19764952
589,0.26503694,0.18607481,0.14385556,0.20439242,0.029432649,0.17120762
590,0.1620185,0.25852045,0.12001578,0.17432879,0.077172056,0.20794445
591,0.22146727,0.21933964,0.0989904,0.20680705,0.050537683,0.2028579
592,0.21557485,0.23287475,0.086594224,0.21024832,0.044166423,0.21054146
593,0.1764371,0.21818213,0.06732625,0.20582457,0.07171157,0.26051837
594,0.15231827,0.18177329,0.07211291,0.19210306,0.097416915,0.30427554
595,0.1606281,0.19969597,0.09721149,0.18681362,0.08475634,0.2708945
596,0.14001381,0.22793436,0.07978001,0.18043505,0.10359898,0.2682377
597,0.19575252,0.19435075,0.09922046,0.18743612,0.12717055,0.19606958
598,0.10378157,0.18769993,0.091402546,0.1459056,0.23436117,0.23684911
599,0.10700281,0.1552949,0.12840183,0.13357766,0.25742662,0.21829616
600,0.124859825,0.19861983,0.05568576,0.17066473,0.24913184,0.20103803
601,0.1145539,0.23368666,0.07022529,0.15765458,0.22978249,0.1940971
602,0.10326792,0.20483087,0.09062235,0.14591777,0.22775212,0.22760892
603,0.08760071,0.17932512,0.107794836,0.13037671,0.25182563,0.24307695
604,0.10119931,0.15996061,0.07760161,0.14578722,0.28542677,0.23002447
605,0.1275992,0.15525028,0.06350834,0.16347066,0.29384503,0.19632652
606,0.115199804,0.11614403,0.048184365,0.16288805,0.34338447,0.21419926
607,0.10703517,0.13130184,0.033236828,0.17769437,0.29526156,0.25547025
608,0.085409105,0.103979014,0.05032263,0.14592469,0.32721102,0.2871536
609,0.10153156,0.08362342,0.036733743,0.15873285,0.3717486,0.24762993
610,0.09394604,0.09613133,0.05684421,0.13757658,0.42491615,0.19058572
611,0.101622306,0.13403578,0.07574188,0.12207484,0.45289567,0.113629594
612,0.1082611,0.12410611,0.08297446,0.13401842,0.39181247,0.1588274
613,0.1024661,0.1667427,0.06593754,0.14176898,0.36396316,0.15912157
614,0.10398973,0.1443767,0.11153347,0.12937029,0.3341703,0.17655954
615,0.11054375,0.16032653,0.13548316,0.12364675,0.3203257,0.1496741
616,0.13462283,0.17778018,0.1370519,0.12344267,0.31499335,0.11210901
617,0.15905155,0.18289407,0.109418646,0.12693703,0.33248356,0.08921513
618,0.1122124,0.19655262,0.16465104,0.10220361,0.33206713,0.09231321
619,0.1881918,0.18741772,0.19238684,0.104163475,0.25857174,0.069268435
620,0.18609057,0.21537392,0.17930664,0.11077545,0.23591247,0.07254092
621,0.22568816,0.23618034,0.14432389,0.13010329,0.18923679,0.07446756
622,0.24828649,0.24577726,0.19324055,0.09586061,0.17586514,0.040969945
623,0.22012508,0.2488151,0.18165687,0.089404814,0.22256193,0.037436258
624,0.16100998,0.24060324,0.20616847,0.09167564,0.24404646,0.056496207
625,0.2092918,0.23950924,0.2032914,0.112506434,0.16685334,0.06854786
626,0.2579837,0.17037651,0.21643363,0.10175734,0.19201788,0.061430957
627,0.16808158,0.17312957,0.22238135,0.103690416,0.24775437,0.08496264
628,0.15383455,0.20001899,0.23200704,0.09384992,0.24847963,0.07180985
629,0.15608765,0.24073966,0.23147342,0.081585355,0.2412757,0.048838124
630,0.1625227,0.24198079,0.25659147,0.085246764,0.19752018,0.056138113
631,0.14828035,0.21995848,0.24721181,0.09723442,0.20570561,0.08160928
632,0.15131597,0.18135786,0.19745189,0.10885346,0.26641878,0.094601996
633,0.1351141,0.1201034,0.26524243,0.09957582,0.25856996,0.12139431
634,0.13400294,0.15817262,0.22093228,0.09635691,0.30217972,0.08835556
635,0.18457183,0.10900665,0.23499377,0.09201043,0.2972155,0.08220186
636,0.1672301,0.12955594,0.2018653,0.08865714,0.3501648,0.06252681
637,0.1629708,0.14280939,0.18541314,0.1054401,0.31686333,0.08650327
638,0.17221874,0.09202923,0.20774373,0.09916561,0.32674193,0.102100804
639,0.18189,0.121574186,0.1570013,0.13026877,0.27142265,0.13784306
640,0.28965175,0.1449908,0.13269505,0.15025605,0.16457464,0.11783164
641,0.18026164,0.16625087,0.1281707,0.12508051,0.31029585,0.089940414
642,0.17935629,0.118753284,0.15953828,0.12102621,0.30428472,0.11704116
643,0.2715532,0.10283015,0.085373044,0.13748944,0.2987952,0.10395898
644,0.18355307,0.13817374,0.12146679,0.13750376,0.2986117,0.12069094
645,0.21332161,0.19352934,0.123766445,0.16147478,0.17518228,0.13272552
646,0.17160024,0.109822355,0.108981095,0.15135746,0.25974038,0.19849846
647,0.19000849,0.08201143,0.117942855,0.14210188,0.2559286,0.21200669
648,0.17171326,0.06020391,0.108483456,0.13026108,0.33513427,0.19420403
649,0.19031537,0.07774271,0.1322149,0.13093597,0.29605228,0.17273884
650,0.1943285,0.077935494,0.14951502,0.123167984,0.30101448,0.15403855
651,0.23749605,0.08884028,0.10584003,0.12705728,0.33144557,0.10932079
652,0.19131774,0.06967468,0.152337,0.11459985,0.334612,0.13745879
653,0.2241107,0.034743197,0.20674677,0.09187922,0.2743715,0.16814858
654,0.1857128,0.025627514,0.24231291,0.08285688,0.25238198,0.21110794
655,0.14285268,0.031605795,0.24699232,0.08644088,0.2568103,0.23529805
656,0.13436705,0.033300176,0.2395094,0.08591925,0.29323095,0.21367317
657,0.1690554,0.04153492,0.23280166,0.09557139,0.26504812,0.1959885
658,0.15959391,0.038121648,0.2561887,0.088861294,0.26137096,0.1958635
659,0.14977352,0.061036315,0.25111273,0.10191847,0.239153,0.19700594
660,0.13578844,0.037102386,0.25959986,0.086198896,0.27438286,0.20692755
661,0.11155719,0.030910576,0.25427148,0.08000065,0.280959,0.24230108
662,0.13377626,0.043572534,0.25588623,0.09020083,0.26815736,0.20840687
663,0.11119338,0.033545047,0.23026226,0.08357797,0.31763315,0.22378819
664,0.10879827,0.046763953,0.22571689,0.092641465,0.28394946,0.24212992
665,0.09982576,0.06790196,0.18287265,0.10597675,0.30324566,0.24017723
666,0.075226985,0.03218078,0.21336737,0.07807557,0.3132127,0.28793666
667,0.12164966,0.053546358,0.27209786,0.09231702,0.2365967,0.22379243
668,0.13153031,0.033916313,0.28351563,0.081793666,0.24134636,0.2278977
669,0.079082705,0.022108058,0.29557672,0.0630874,0.27637047,0.2637747
670,0.09295239,0.016732033,0.25856557,0.06323322,0.32791904,0.2405977
671,0.092388585,0.015669174,0.28064564,0.060508505,0.29161158,0.25917646
672,0.08240933,0.010843736,0.29446748,0.05050976,0.3333341,0.22843565
673,0.07896264,0.010117663,0.3081359,0.047354814,0.3434382,0.2119908
674,0.07613931,0.0045673153,0.25624907,0.040083412,0.38155198,0.24140893
675,0.07768436,0.006905398,0.31298313,0.040533714,0.36956012,0.19233322
676,0.06763977,0.005671997,0.32207093,0.037289023,0.33685833,0.23047
677,0.05379773,0.0069767656,0.35024452,0.03619862,0.31827533,0.23450708
678,0.06261094,0.008585392,0.33052623,0.040884286,0.34503213,0.21236105
679,0.07819812,0.011523398,0.25912067,0.052004453,0.40414336,0.19501011
680,0.08209745,0.009660545,0.17694439,0.05655942,0.47596446,0.19877373
681,0.08900091,0.0071286196,0.17303473,0.05440842,0.44384643,0.23258093
682,0.0706898,0.008372239,0.184134,0.05329817,0.42873037,0.2547754
683,0.10031176,0.008469911,0.19830638,0.056961317,0.40171847,0.2342322
684,0.100596026,0.005234369,0.22596666,0.04753861,0.35555252,0.26511186
685,0.098927274,0.008420636,0.17138277,0.06029556,0.3825739,0.27839988
686,0.096686,0.0073888022,0.18518414,0.05591279,0.3958477,0.25898063
687,0.11116227,0.00823605,0.24894907,0.05296275,0.361501,0.21718885
688,0.10220672,0.0049530375,0.25833488,0.044060174,0.34193417,0.24851109
689,0.08603038,0.007181074,0.2198934,0.049618874,0.42208618,0.2151901
690,0.09922928,0.0063728224,0.14438045,0.056850154,0.45227376,0.2408935
691,0.13693513,0.010883105,0.103299916,0.0787505,0.40111923,0.26901212
692,0.11172978,0.012265114,0.24833347,0.05754358,0.39940876,0.17071922
693,0.11519538,0.012139236,0.2381476,0.0604362,0.37859127,0.19549033
694,0.10503434,0.010764382,0.29310814,0.046732053,0.4108533,0.13350779
695,0.13483965,0.014275913,0.2723957,0.045223862,0.45163748,0.081627384
696,0.14068118,0.012423183,0.27251396,0.03737017,0.47808886,0.05892264
697,0.069509186,0.018987354,0.36184266,0.033873163,0.45383382,0.061953828
698,0.07908857,0.016303034,0.3675431,0.03269946,0.44283018,0.061535668
699,0.09231109,0.013906983,0.38685805,0.030355074,0.41741225,0.059156485
700,0.08334948,0.010761428,0.3782473,0.0259652,0.44999135,0.05168523
701,0.05740996,0.008901199,0.43787968,0.021344388,0.4208144,0.05365039
702,0.07067355,0.0055863895,0.4226684,0.016943797,0.44297788,0.041149925
703,0.069969766,0.007505933,0.37778848,0.023282776,0.46476728,0.056685727
704,0.080069155,0.010574774,0.32804993,0.030081827,0.4898853,0.061339017
705,0.10356041,0.0069854637,0.3170452,0.023462906,0.50565994,0.043286078
706,0.05449896,0.0051421146,0.36010858,0.020044535,0.50311553,0.057090297
707,0.0688884,0.0041042166,0.32744846,0.018960522,0.5322524,0.048345976
708,0.058963582,0.0044104503,0.32545906,0.017155668,0.5546437,0.03936756
709,0.09429748,0.0054938206,0.3361021,0.017442064,0.51592696,0.030737616
710,0.08200285,0.007820665,0.38909906,0.019467287,0.46455464,0.037055463
711,0.06488992,0.0045195846,0.3868082,0.015182354,0.493102,0.035497893
712,0.0785245,0.009727291,0.37969163,0.021797966,0.47091937,0.03933928
713,0.08397379,0.0059965355,0.29809877,0.021784091,0.5487185,0.041428346
714,0.08921601,0.006391385,0.30035087,0.025651837,0.52363265,0.05475721
715,0.11642319,0.0066767577,0.31572217,0.02789403,0.47162703,0.06165687
716,0.08849951,0.010810948,0.31094694,0.034676578,0.4810753,0.073990695
717,0.10538017,0.007361707,0.28414866,0.03336936,0.49279907,0.07694098
718,0.077025294,0.0049191313,0.28406918,0.02432502,0.55084884,0.058812596
719,0.14871933,0.011025524,0.23898682,0.036789216,0.51122284,0.05325629
720,0.11066501,0.0066547375,0.21840996,0.039550766,0.5344484,0.0902712
721,0.1620787,0.0051193866,0.26030365,0.023352567,0.50920177,0.039943915
722,0.11181011,0.00612133,0.39466977,0.01794338,0.43432736,0.03512808
723,0.091139086,0.0046631787,0.40395072,0.014469374,0.45598066,0.02979701
724,0.072338656,0.0025375576,0.40365738,0.011902675,0.47620067,0.03336305
725,0.12442725,0.0031369836,0.34151834,0.014948225,0.48309013,0.032879118
726,0.08783865,0.003859608,0.2924526,0.018202642,0.55964047,0.038005985
727,0.0834733,0.003919929,0.31704482,0.01600524,0.5475024,0.0320543
728,0.069353394,0.0016438388,0.32481384,0.011589609,0.558593,0.034006346
729,0.06692125,0.0041941744,0.32789382,0.016522048,0.54806787,0.03640081
730,0.10889624,0.0036836604,0.31578583,0.017642459,0.51618844,0.037803367
731,0.101252474,0.0048679826,0.24666625,0.023181858,0.5817393,0.042292174
732,0.047566175,0.00097390765,0.104903385,0.017733572,0.7763163,0.0525067
733,0.047040068,0.00057578064,0.035769075,0.016434737,0.86885047,0.031329826
734,0.07502067,0.0008181017,0.04267504,0.022345949,0.81607693,0.043063287
735,0.06038825,0.0008104869,0.050985575,0.019676825,0.82775384,0.040385004
736,0.0669408,0.00081791996,0.03575505,0.020846948,0.8407913,0.034848034
737,0.045920603,0.0005938343,0.019701915,0.020577306,0.8766463,0.036560137
738,0.05536937,0.0006595617,0.014965762,0.02811729,0.84650284,0.054385174
739,0.044947203,0.0012956103,0.02886574,0.02992668,0.8283438,0.06662091
740,0.08260472,0.00084299507,0.016283019,0.042146057,0.7487982,0.10932499
741,0.07955123,0.0012457701,0.014803146,0.05100855,0.7231305,0.13026068
742,0.07999783,0.0050731157,0.033628207,0.057378728,0.7348723,0.08904981
743,0.16673055,0.0022632384,0.013006251,0.05909807,0.6774752,0.08142662
744,0.1729279,0.0017307346,0.03884423,0.04329864,0.66082674,0.08237175
745,0.12310808,0.004965249,0.22816351,0.039259575,0.4907564,0.11374713
746,0.14796525,0.00988839,0.16933066,0.05140729,0.5321177,0.08929066
747,0.16281475,0.0028931848,0.16381109,0.03155669,0.56320107,0.07572323
748,0.13255492,0.002856353,0.15359211,0.027186705,0.6317037,0.052106213
749,0.18925509,0.008459053,0.11814673,0.052874055,0.5548831,0.07638192
750,0.33623224,0.009411872,0.05587583,0.06336767,0.45838666,0.07672575
751,0.42769077,0.0062057306,0.061781652,0.054530125,0.35022554,0.099566214
752,0.45031643,0.0063034967,0.074702695,0.036069747,0.38911223,0.04349532
753,0.28596342,0.025748508,0.1517154,0.075527534,0.36685866,0.09418643
754,0.43406194,0.0137829855,0.124335796,0.089759305,0.11615827,0.22190173
755,0.32573375,0.012201964,0.17222545,0.09282496,0.08239082,0.31462303
756,0.259801,0.020061206,0.2573679,0.09891852,0.06727136,0.29658002
757,0.28513718,0.02253953,0.24741599,0.10258059,0.06789759,0.27442914
758,0.27579582,0.012264228,0.2856917,0.07841256,0.070882715,0.27695292
759,0.22538781,0.012128264,0.35352707,0.069378376,0.07828571,0.26129273
760,0.24852097,0.013312926,0.32498607,0.0748081,0.07892874,0.25944325
761,0.21986502,0.028306989,0.28949413,0.08451221,0.17451982,0.20330179
762,0.3659942,0.013307476,0.24162051,0.08188528,0.061884858,0.2353077
763,0.2919567,0.015061803,0.27912405,0.083134264,0.07443577,0.2562875
764,0.3640198,0.0069445204,0.057487622,0.09589517,0.12876128,0.34689155
765,0.3399394,0.01148374,0.08777352,0.10447594,0.114330865,0.34199652
766,0.24096842,0.008053673,0.024905056,0.11764134,0.20885065,0.39958087
767,0.16090533,0.009207593,0.015665984,0.13824734,0.096416056,0.5795577
768,0.18798232,0.45086285,0.15800175,0.12250474,0.011720358,0.06892798
769,0.20017551,0.32331878,0.24628656,0.116527274,0.039186828,0.07450505
770,0.2784755,0.3285543,0.12142811,0.17147838,0.016073093,0.083990626
771,0.26106444,0.28437626,0.05776742,0.2529752,0.0018783641,0.14193833
772,0.22665004,0.2920945,0.028252076,0.24598794,0.008344289,0.19867113
773,0.31901807,0.264706,0.031254712,0.2626521,0.007587611,0.11478156
774,0.27381003,0.21298337,0.01641225,0.27542984,0.056338135,0.1650264
775,0.40327814,0.16693439,0.015076869,0.26889542,0.043376066,0.102438994
776,0.36296958,0.23531002,0.029935818,0.19729099,0.11288462,0.061608978
777,0.31029734,0.28367656,0.03054483,0.22797099,0.061851263,0.08565907
778,0.12378925,0.36474812,0.023602026,0.19278179,0.14932929,0.14574952
779,0.18266325,0.324488,0.02026741,0.21510406,0.160003,0.09747423
780,0.29106006,0.24428469,0.034705974,0.25017264,0.03443687,0.14533974
781,0.26776364,0.29339656,0.034473047,0.2407534,0.028622963,0.1349904
782,0.36615217,0.18251266,0.016767466,0.28428596,0.018335313,0.13194644
783,0.30264962,0.2680841,0.024902284,0.26012802,0.018681798,0.1255541
784,0.24156761,0.3634514,0.023138376,0.23173128,0.039686374,0.10042488
785,0.20434593,0.34292552,0.044180647,0.20445898,0.08512502,0.118963875
786,0.15483737,0.33417737,0.035361923,0.2091333,0.0451646,0.2213254
787,0.14661941,0.3375856,0.031925976,0.20839734,0.05478469,0.22068699
788,0.08287536,0.3427648,0.060631625,0.14506142,0.12433962,0.24432714
789,0.11121306,0.35637984,0.053592846,0.17018484,0.071300454,0.23732898
790,0.14486349,0.40859705,0.03906261,0.19033484,0.041472014,0.17567
791,0.13490553,0.459072,0.060161635,0.16474666,0.017698614,0.16341563
792,0.10784457,0.4215258,0.08778071,0.14815119,0.0154260425,0.21927172
793,0.12473078,0.44665563,0.12618071,0.13397817,0.01913916,0.14931555
794,0.14843284,0.48188323,0.09860271,0.14083217,0.01757429,0.1126748
795,0.14897856,0.3934325,0.10777358,0.16016611,0.02703068,0.16261856
796,0.13072391,0.3958554,0.11600067,0.15011184,0.029637752,0.1776704
797,0.16442879,0.37163383,0.1375233,0.15703523,0.020648558,0.1487303
798,0.116791375,0.3530806,0.17468175,0.12662229,0.06951932,0.15930468
799,0.13083315,0.3338665,0.114114635,0.15771194,0.06600554,0.1974682
800,0.1498679,0.35247147,0.100504324,0.17006892,0.04219371,0.18489362
801,0.1186718,0.37835962,0.08365055,0.16049403,0.029998435,0.22882555
802,0.094784975,0.3494566,0.13166386,0.13364701,0.0519708,0.23847674
803,0.09042785,0.3665164,0.122843996,0.13185522,0.040778212,0.24757828
804,0.1387272,0.35785726,0.12944156,0.15865366,0.014906627,0.20041366
805,0.12189628,0.3347776,0.12656504,0.15473178,0.017019663,0.24500962
806,0.14205529,0.36130345,0.099175364,0.17002511,0.017932007,0.20950876
807,0.17687134,0.30041775,0.09620125,0.19254091,0.022833107,0.21113564
808,0.120689414,0.38969287,0.09586238,0.15594752,0.026395738,0.21141207
809,0.14584392,0.34475377,0.09355525,0.17493331,0.026270766,0.214643
810,0.14451763,0.29865417,0.0793308,0.18611051,0.024870288,0.26651657
811,0.14490259,0.3100264,0.08847047,0.18156162,0.024605073,0.2504339
812,0.19479173,0.2872016,0.090522,0.20337428,0.012042175,0.21206819
813,0.14618026,0.38610578,0.065721504,0.17904186,0.03574029,0.18721037
814,0.115203656,0.42004502,0.0878947,0.14840525,0.0561099,0.17234153
815,0.1686653,0.36862075,0.0789396,0.18041979,0.043894313,0.15946022
816,0.17015435,0.3853846,0.061412413,0.18862982,0.029534206,0.16488461
817,0.14423971,0.32873395,0.06728003,0.18736415,0.019643528,0.25273865
818,0.12925717,0.31947124,0.06496827,0.18188587,0.027942419,0.27647507
819,0.15143757,0.3136324,0.06593238,0.19219321,0.03146811,0.2453363
820,0.13149722,0.32221073,0.05342381,0.1853853,0.06839657,0.2390864
821,0.13294059,0.27975598,0.076955006,0.17971765,0.056917425,0.27371335
822,0.07058783,0.24138199,0.078664586,0.13506114,0.10033589,0.37396857
823,0.081925385,0.25399292,0.056040734,0.15564066,0.051460855,0.40093943
824,0.09383952,0.23044026,0.077790186,0.15795787,0.058412127,0.38156006
825,0.15880857,0.26440817,0.06420782,0.20089728,0.041987035,0.26969114
826,0.11459362,0.28088725,0.064237826,0.17291097,0.075347915,0.2920224
827,0.115118794,0.26072544,0.07798591,0.16602312,0.10057119,0.27957562
828,0.09646446,0.3133867,0.08933419,0.1405145,0.16393118,0.196369
829,0.09090393,0.25967506,0.1444604,0.12427953,0.17881955,0.20186158
830,0.12207599,0.3051306,0.20317009,0.12331743,0.095101684,0.15120417
831,0.18977422,0.30510864,0.22276415,0.1228161,0.072685204,0.08685169
832,0.14528537,0.27915955,0.20522566,0.10779349,0.17645252,0.0860834
833,0.18346131,0.30376887,0.21176434,0.112305686,0.11509976,0.073599935
834,0.16204838,0.33607414,0.14639117,0.12746097,0.14074287,0.0872824
835,0.13903026,0.25383267,0.17382993,0.12682815,0.18049543,0.12598358
836,0.1587337,0.25866535,0.1309768,0.1578721,0.13276865,0.16098338
837,0.13027036,0.20661367,0.15218051,0.14140849,0.18474415,0.18478276
838,0.110465795,0.2180477,0.14603838,0.12876947,0.226566,0.17011264
839,0.12564461,0.28327394,0.15676756,0.13036351,0.15940656,0.14454381
840,0.14760493,0.30260226,0.13686952,0.14383878,0.13272135,0.13636315
841,0.10672048,0.29884458,0.15299025,0.12578882,0.15230852,0.16334738
842,0.08885909,0.25397834,0.1576917,0.115667954,0.20973763,0.17406526
843,0.1065661,0.22394593,0.15039383,0.12616335,0.22233821,0.17059265
844,0.08674632,0.18851542,0.1425544,0.12024937,0.25053433,0.21140015
845,0.1368902,0.25933218,0.13156767,0.14657418,0.16352671,0.16210903
846,0.13515928,0.2130214,0.1694152,0.1358442,0.18322845,0.1633315
847,0.14877418,0.2017128,0.14179112,0.14398849,0.20956327,0.1541701
848,0.17060064,0.18884711,0.116833515,0.16291936,0.18842214,0.17237727
849,0.22288248,0.19248992,0.16375014,0.16433814,0.11446112,0.14207828
850,0.24857648,0.18726732,0.19818893,0.14864297,0.10242218,0.11490213
851,0.20050444,0.2595432,0.13434346,0.15645067,0.13298224,0.116175964
852,0.14974192,0.26170772,0.13184956,0.14762594,0.16430214,0.14477271
853,0.116650246,0.24989934,0.16193344,0.12478629,0.19865382,0.14807683
854,0.13504846,0.25292504,0.11945508,0.14584447,0.19063741,0.15608954
855,0.13417235,0.2369982,0.13500531,0.15142916,0.14388724,0.19850779
856,0.15506552,0.2539168,0.11369578,0.16732922,0.119540215,0.1904525
857,0.15217313,0.23175839,0.15235919,0.14185566,0.17830725,0.14354645
858,0.21540767,0.27159852,0.11612333,0.1594752,0.13319254,0.10420278
859,0.28165832,0.25856793,0.19267307,0.12779765,0.07547108,0.0638319
860,0.36053637,0.24739322,0.16638406,0.13255233,0.038050167,0.05508383
861,0.28896737,0.28019685,0.1591007,0.10966277,0.120958954,0.04111336
862,0.23976845,0.23434189,0.1790824,0.1062926,0.18925293,0.05126167
863,0.22342362,0.24328199,0.1512288,0.13542414,0.16426706,0.08237441
864,0.23047161,0.2366415,0.1423476,0.12864839,0.19056171,0.0713292
865,0.2045429,0.21173064,0.15609606,0.12350943,0.22470471,0.07941633
866,0.25988123,0.19066457,0.14827,0.14149061,0.16563553,0.09405811
867,0.26102722,0.22781941,0.11557832,0.1565188,0.1477148,0.09134143
868,0.25936544,0.21499853,0.14186732,0.14316182,0.15443346,0.08617348
869,0.377848,0.15313706,0.12690611,0.1425297,0.11375075,0.08582834
870,0.21523526,0.13477357,0.18396169,0.11426323,0.25876066,0.09300558
871,0.21392052,0.10559812,0.20515658,0.09537673,0.30216625,0.077781804
872,0.24112883,0.20360385,0.21697582,0.10319536,0.17756705,0.057529088
873,0.27447718,0.17093436,0.23767976,0.08509726,0.18841146,0.043399986
874,0.25367147,0.13993685,0.25062108,0.08113623,0.22574894,0.048885442
875,0.40826523,0.077413246,0.27348098,0.0738446,0.11447595,0.05251997
876,0.37243903,0.15348892,0.24151959,0.09290196,0.09254093,0.04710961
877,0.29302356,0.20848061,0.25821778,0.10116701,0.08788129,0.0512298
878,0.22350971,0.1661147,0.32133874,0.07978034,0.15580843,0.053448062
879,0.2528951,0.1293933,0.36752376,0.069362864,0.13296467,0.047860384
880,0.28484055,0.13161062,0.32761413,0.08086781,0.11970266,0.055364236
881,0.19332713,0.21467222,0.33400863,0.08332508,0.11712775,0.057539158
882,0.33585608,0.11005072,0.35339677,0.08662488,0.04949831,0.06457328
883,0.20610458,0.1277288,0.33223256,0.07567511,0.19685553,0.061403416
884,0.23563287,0.07263273,0.33582246,0.064801745,0.22866277,0.06244745
885,0.22266571,0.11831302,0.27820277,0.07475306,0.25275797,0.053307485
886,0.21914972,0.06723137,0.34121764,0.0532436,0.2736889,0.04546878
887,0.14285657,0.16499533,0.3241146,0.066148736,0.25306663,0.048818137
888,0.120382726,0.13059585,0.35229212,0.07365744,0.24247494,0.0805969
889,0.15368631,0.11021786,0.35151598,0.07056694,0.24291237,0.07110059
890,0.13408698,0.09483509,0.35495034,0.067295544,0.27492806,0.07390399
891,0.16959602,0.07609414,0.29222095,0.06289043,0.3452911,0.053907312
892,0.15014952,0.06954673,0.24042614,0.07176634,0.40227067,0.065840594
893,0.097339906,0.06583665,0.25719354,0.07539817,0.40115345,0.103078336
894,0.09830558,0.03645693,0.25668648,0.061413568,0.45637298,0.09076442
895,0.09635253,0.036392722,0.3277501,0.050053213,0.41758618,0.071865246
896,0.09472909,0.03920602,0.33514026,0.052313898,0.40056786,0.07804287
897,0.0873557,0.053445686,0.32187915,0.06334838,0.37221757,0.101753525
898,0.1061853,0.07744986,0.25287652,0.08623439,0.35353056,0.123723336
899,0.12538378,0.096090205,0.20464057,0.10112361,0.34902686,0.12373503
900,0.11550914,0.071221404,0.18595287,0.09347153,0.41538802,0.11845712
901,0.12241247,0.045694787,0.21015516,0.083413914,0.41231164,0.12601204
902,0.07746337,0.027826397,0.26452062,0.064453416,0.39939666,0.16633952
903,0.11481245,0.024489203,0.29137817,0.058775183,0.39572737,0.11481757
904,0.09452553,0.018301943,0.29813057,0.053563442,0.40511733,0.1303612
905,0.08536797,0.024287155,0.2669042,0.062196985,0.4087279,0.15251574
906,0.099187106,0.014675413,0.25446028,0.058760293,0.40054366,0.1723733
907,0.09225763,0.01827218,0.29895765,0.05651009,0.37576163,0.15824077
908,0.09439747,0.028942827,0.2844689,0.065877065,0.37320733,0.15310638
909,0.079359524,0.03598782,0.27349085,0.07070257,0.35558596,0.18487328
910,0.086559184,0.043539375,0.22290634,0.08332213,0.35729823,0.20637473
911,0.11841177,0.025707806,0.23705195,0.0764561,0.3479386,0.19443376
912,0.110601805,0.049775396,0.22976328,0.089088134,0.3449718,0.1757996
913,0.09224641,0.043795962,0.20561342,0.08354643,0.40670624,0.1680916
914,0.090050064,0.040266946,0.19953746,0.08334187,0.40576088,0.18104273
915,0.07543794,0.021839451,0.24788722,0.06312416,0.39664003,0.19507115
916,0.08618342,0.048219886,0.22161578,0.085070625,0.36135107,0.19755922
917,0.0989985,0.03425437,0.1726771,0.08800289,0.39217007,0.21389702
918,0.094749674,0.03158965,0.19255382,0.08399803,0.3560968,0.24101199
919,0.08335393,0.022887673,0.18071645,0.075804785,0.38198453,0.25525263
920,0.10467954,0.020851813,0.22795142,0.071454726,0.36509988,0.20996259
921,0.07634083,0.015962075,0.17071398,0.06796985,0.40339264,0.26562065
922,0.072594956,0.034637704,0.19507255,0.075364515,0.43999958,0.18233076
923,0.06606227,0.026066586,0.25049427,0.06423842,0.38197738,0.21116109
924,0.07609721,0.0348796,0.25232401,0.068579465,0.40900955,0.15911019
925,0.08968083,0.05718471,0.25823984,0.083152235,0.34303612,0.16870621
926,0.09704911,0.030002074,0.26881167,0.073963925,0.30738562,0.22278766
927,0.060268756,0.02010551,0.23529153,0.061959058,0.32606918,0.29630595
928,0.046571676,0.008617107,0.29832396,0.040320892,0.33169466,0.2744716
929,0.081736915,0.021327054,0.2858397,0.061892748,0.3364928,0.2127108
930,0.0957471,0.015397288,0.30529264,0.05451628,0.35671794,0.17232873
931,0.104683824,0.020910183,0.3265725,0.054146588,0.36533338,0.12835346
932,0.084380835,0.01823494,0.33164167,0.053800732,0.33701274,0.17492902
933,0.073050246,0.015418598,0.28833264,0.055371884,0.3208429,0.24698375
934,0.07315796,0.010677511,0.30230966,0.048921995,0.30332568,0.2616072
935,0.05799346,0.0058225673,0.311064,0.037399754,0.32283944,0.2648808
936,0.050510857,0.0046805944,0.33819035,0.032070544,0.32041347,0.25413412
937,0.05972672,0.0073086685,0.37601504,0.03588542,0.30021894,0.22084524
938,0.06555995,0.0045338534,0.3877822,0.031509407,0.26041254,0.25020203
939,0.048895128,0.0054027755,0.35375914,0.033357795,0.2523151,0.30627006
940,0.052142788,0.009910322,0.3153147,0.043249197,0.28096327,0.29841968
941,0.070366584,0.012249576,0.3321249,0.04875824,0.26697546,0.2695252
942,0.05088264,0.006643645,0.27288383,0.03989825,0.33291948,0.29677218
943,0.055909626,0.004818794,0.2750551,0.03703753,0.33136117,0.2958178
944,0.07552812,0.010939786,0.22994478,0.054674186,0.3825802,0.2463329
945,0.099147536,0.017236734,0.1775847,0.07200081,0.41488427,0.21914591
946,0.116805434,0.018535478,0.19125023,0.0752804,0.37937775,0.21875069
947,0.08209482,0.040383395,0.1931163,0.08536358,0.36834747,0.2306944
948,0.09202172,0.01864058,0.14038666,0.07949101,0.38840875,0.28105128
949,0.062689364,0.01927249,0.1293261,0.07415538,0.42194647,0.29261017
950,0.06351481,0.012150261,0.15106173,0.06274739,0.4011229,0.30940297
951,0.063417,0.00660967,0.16474813,0.051388223,0.38257852,0.3312584
952,0.064962596,0.0040724394,0.16550486,0.04449162,0.39009148,0.330877
953,0.061550997,0.004824152,0.12548313,0.050130583,0.40289524,0.35511586
954,0.087113775,0.01327511,0.1071523,0.07674423,0.4046486,0.31106597
955,0.09584142,0.014775819,0.102824256,0.080522664,0.4375295,0.26850626
956,0.108936936,0.013188214,0.082415864,0.08412228,0.48962906,0.22170767
957,0.14117111,0.020622442,0.081741765,0.10119256,0.44830903,0.20696317
958,0.14088373,0.008276233,0.06630432,0.07694842,0.54709923,0.16048808
959,0.12081244,0.008486635,0.058032673,0.08277396,0.4983905,0.23150378
960,0.12702286,0.010690683,0.04833583,0.08947934,0.5585184,0.16595289
961,0.17201151,0.005593753,0.050718658,0.07170004,0.56305975,0.1369162
962,0.13096339,0.0062548267,0.10393339,0.058056783,0.5700168,0.13077483
963,0.09780915,0.005907465,0.21807504,0.039060675,0.53685355,0.102294095
964,0.09158656,0.0061291982,0.16078188,0.041828584,0.6048575,0.09481626
965,0.17909335,0.0053166766,0.091470994,0.04389234,0.6215816,0.058645006
966,0.20077707,0.009129981,0.09235537,0.06475823,0.5345325,0.09844677
967,0.13605437,0.015550151,0.123083666,0.06493034,0.5679415,0.092440024
968,0.12477265,0.0051162313,0.05814129,0.057590697,0.656213,0.09816614
969,0.10375726,0.0070609674,0.07186951,0.05334288,0.6838349,0.08013453
970,0.0718137,0.014001839,0.09937545,0.061863467,0.636915,0.11603051
971,0.09599241,0.009051616,0.12670518,0.049904723,0.6294813,0.08886482
972,0.09807089,0.008809844,0.14390172,0.046504505,0.62088114,0.08183199
973,0.09723806,0.010223615,0.06930122,0.061641704,0.67329013,0.08830531
974,0.12461124,0.0031051685,0.051845916,0.045398705,0.7012805,0.07375855
975,0.07702762,0.006291446,0.06554962,0.050069127,0.7162644,0.08479782
976,0.09093975,0.0050722733,0.09914587,0.040194474,0.6951452,0.069502436
977,0.05685099,0.0048614726,0.1878476,0.028380286,0.6549415,0.0671181
978,0.070291966,0.0029612277,0.28964463,0.016909651,0.57822365,0.041968875
979,0.055011973,0.0021837375,0.27818492,0.014471067,0.6102362,0.03991205
980,0.06367853,0.002933549,0.32842347,0.015297383,0.5487877,0.040879376
981,0.08139992,0.003114376,0.30449197,0.01701235,0.55282605,0.041155335
982,0.073814906,0.003353961,0.26082757,0.018948684,0.60014904,0.042905793
983,0.06786767,0.0028559924,0.23100941,0.018887011,0.63568085,0.04369914
984,0.07745449,0.0041928436,0.2681679,0.022552535,0.5744897,0.053142518
985,0.072149575,0.002022383,0.2634919,0.016241414,0.60029227,0.0458025
986,0.08385472,0.0015410862,0.35799775,0.011082169,0.5108892,0.0346351
987,0.06301979,0.0023495106,0.32220757,0.017857442,0.52909815,0.06546757
988,0.076461375,0.004827824,0.31140158,0.030651307,0.46308097,0.11357691
989,0.06774145,0.0043561617,0.20859621,0.03770343,0.52227926,0.15932351
990,0.080586344,0.003051503,0.11986049,0.042820144,0.5754638,0.1782178
991,0.136016,0.0036385187,0.051933534,0.058233336,0.6258296,0.124349006
992,0.107118756,0.0021262213,0.0139429765,0.064709224,0.6854631,0.12663978
993,0.06799582,0.0028397944,0.018475289,0.06603768,0.6400821,0.20456931
994,0.08495681,0.0016273112,0.012858295,0.06351831,0.6046374,0.23240189
995,0.11059289,0.0014809857,0.013984499,0.06380335,0.5497345,0.26040378
996,0.16651106,0.0025860623,0.020083824,0.07532573,0.45150766,0.2839857
997,0.2532794,0.010785237,0.08132057,0.08642065,0.3580006,0.21019354
998,0.3581862,0.013294696,0.12866613,0.087981544,0.17360821,0.23826326
999,0.36161333,0.0076892884,0.07552621,0.09048191,0.14911598,0.3155733
1000,0.35939503,0.0057504,0.117171556,0.07121217,0.16229415,0.2841766
1001,0.3585051,0.012070033,0.15736562,0.08372571,0.13972217,0.2486114
1002,0.40352926,0.013598125,0.18922617,0.08569849,0.07542466,0.23252335
1003,0.23317105,0.012384514,0.24322197,0.07385946,0.17034137,0.26702163
1004,0.36363813,0.010113228,0.22081424,0.07446196,0.08872766,0.24224481
1005,0.29210952,0.009433134,0.22699252,0.069400445,0.15024613,0.25181824
1006,0.40754882,0.008105298,0.13364573,0.06966748,0.16676533,0.21426737
1007,0.29912946,0.010777588,0.21343304,0.07381344,0.15345088,0.2493956
1008,0.33043692,0.023619868,0.17323989,0.101280294,0.14000686,0.23141618
1009,0.17964038,0.0071409596,0.35047558,0.056534577,0.10326265,0.3029458
1010,0.18858327,0.009167197,0.3739233,0.06713667,0.04006963,0.32111996
1011,0.17153072,0.008652456,0.39691412,0.06198534,0.044298843,0.31661853
1012,0.101602346,0.0035066218,0.3695387,0.037006874,0.15041026,0.33793512
1013,0.19880383,0.0069633746,0.305259,0.055925664,0.15305254,0.2799956
1014,0.25236973,0.021038089,0.1148649,0.12350818,0.09465977,0.39355934
1015,0.12146507,0.35529333,0.053100683,0.17685977,0.067216165,0.22606492
1016,0.12988645,0.31775498,0.07436108,0.16867037,0.11627523,0.19305189
1017,0.15576659,0.29850015,0.073337525,0.1865781,0.07784761,0.20796992
1018,0.1498485,0.2830415,0.08089273,0.18067996,0.09273188,0.21280539
1019,0.15094341,0.32440156,0.06872584,0.18751127,0.046472687,0.22194521
1020,0.12125248,0.35236463,0.096445054,0.15763535,0.06456856,0.20773397
1021,0.10037119,0.36874118,0.07873739,0.14842029,0.09766546,0.20606449
1022,0.08837077,0.3493669,0.06985024,0.14267449,0.14182039,0.20791721
1023,0.10369319,0.35512275,0.070933096,0.1552186,0.09884552,0.21618684
1024,0.116656154,0.3466607,0.07545283,0.16359048,0.072210826,0.22542903
1025,0.11222969,0.33983466,0.085076764,0.15845309,0.06412492,0.24028088
1026,0.11710529,0.3430313,0.0912758,0.15895441,0.05988497,0.22974822
1027,0.15388776,0.31612822,0.057630125,0.19439727,0.05848568,0.21947098
1028,0.107451215,0.3065216,0.061826523,0.16253346,0.13680646,0.22486074
1029,0.09245578,0.26567432,0.07088057,0.15412441,0.11342569,0.3034392
1030,0.102351785,0.2847466,0.06165042,0.16064887,0.15122725,0.23937511
1031,0.1220506,0.28943723,0.08691325,0.1626684,0.11809312,0.22083743
1032,0.11742185,0.29476905,0.094712384,0.15083009,0.16076623,0.18150033
1033,0.14088185,0.25459337,0.14044753,0.15319183,0.12582038,0.18506505
1034,0.14822173,0.2681067,0.15804805,0.14053679,0.1435637,0.14152303
1035,0.17131758,0.34012198,0.13103831,0.1510246,0.08649115,0.12000642
1036,0.20880471,0.3165479,0.14606944,0.1528325,0.074010506,0.10173495
1037,0.22535174,0.30618066,0.14003535,0.1642075,0.056451574,0.107773095
1038,0.17832138,0.31674176,0.09934061,0.17148972,0.09237509,0.14173149
1039,0.2062368,0.23043813,0.08786654,0.20465584,0.063981146,0.2068215
1040,0.25903684,0.16912815,0.12539068,0.21243852,0.03168582,0.20231998
1041,0.29817525,0.14418395,0.1167829,0.22093254,0.01765176,0.20227355
1042,0.3289862,0.16540025,0.07384936,0.25204808,0.007349066,0.17236704
1043,0.25393853,0.17251307,0.13414173,0.21811548,0.015866168,0.20542501
1044,0.29779363,0.13611391,0.10583071,0.22386612,0.018744122,0.21765156
1045,0.2804429,0.18208843,0.08708127,0.22663169,0.030616371,0.19313933
1046,0.29533634,0.17330651,0.10497726,0.23391198,0.010460017,0.1820079
1047,0.2890764,0.18841597,0.14450912,0.20505825,0.020429624,0.15251066
1048,0.36964703,0.23146941,0.11200231,0.18553698,0.015476979,0.08586725
1049,0.3388264,0.25024995,0.1536982,0.15397355,0.029774481,0.07347734
1050,0.33206594,0.22059904,0.20135666,0.12451079,0.061844904,0.05962272
1051,0.2610259,0.266989,0.18521737,0.11963726,0.10941466,0.057715796
1052,0.27418226,0.256749,0.23511091,0.100206025,0.08895429,0.04479753
1053,0.26551244,0.24537049,0.20252316,0.11170275,0.121029705,0.053861514
1054,0.393028,0.15648216,0.2415181,0.06757481,0.11674532,0.024651626
1055,0.41106096,0.19274056,0.2194593,0.06589603,0.09226121,0.018581998
1056,0.3964348,0.19930005,0.24972105,0.06295754,0.073748775,0.017837789
1057,0.32706562,0.18218112,0.29391074,0.05681253,0.12076411,0.019265944
1058,0.36858648,0.13961421,0.33664462,0.0523825,0.08259365,0.020178627
1059,0.43374807,0.16000353,0.30518076,0.05786583,0.024786051,0.018415751
1060,0.28053054,0.23283438,0.31821457,0.059244886,0.08898383,0.020191727
1061,0.36199933,0.12570177,0.36390334,0.04512181,0.08588502,0.017388765
1062,0.54017776,0.103204615,0.26574236,0.052417185,0.020339923,0.018118104
1063,0.5255994,0.07468133,0.30686924,0.041825376,0.033885494,0.01713912
1064,0.5246862,0.075939745,0.26986346,0.04222864,0.07085945,0.01642246
1065,0.50378984,0.09255333,0.29937598,0.045067877,0.04232999,0.016882926
1066,0.45188028,0.12950964,0.30488107,0.049129136,0.04844841,0.016151415
1067,0.56738985,0.12592338,0.22214453,0.058441546,0.010269013,0.015831647
1068,0.6088407,0.10220045,0.19158404,0.059461437,0.019230107,0.01868331
1069,0.6025637,0.09402531,0.20031105,0.055497635,0.02894726,0.018655077
1070,0.66580456,0.054704998,0.15990652,0.051860426,0.04499776,0.022725737
1071,0.6191853,0.060380474,0.17610714,0.045638055,0.081024,0.017665006
1072,0.56708807,0.04924708,0.21424274,0.041123867,0.10908964,0.019208662
1073,0.65419817,0.033743374,0.19959897,0.03507889,0.060093977,0.01728661
1074,0.6399474,0.023071872,0.20451169,0.027371423,0.09045777,0.014639757
1075,0.5731501,0.06485141,0.20879649,0.044532165,0.09089111,0.017778678
1076,0.58758783,0.071363546,0.18915804,0.047076333,0.087437525,0.01737677
1077,0.46060035,0.16504768,0.19705006,0.06310859,0.096532725,0.017660607
1078,0.57975346,0.10433762,0.19511192,0.05058912,0.055424012,0.014783817
1079,0.47591144,0.11812325,0.22558552,0.05606464,0.10494313,0.019372089
1080,0.42894167,0.20967083,0.21731357,0.06779512,0.05855909,0.017719785
1081,0.47059754,0.22685073,0.1997231,0.067559555,0.02053192,0.014737096
1082,0.30508813,0.22390585,0.29493585,0.05393894,0.10644839,0.015682837
1083,0.39053646,0.21751793,0.27032837,0.06841115,0.033311203,0.019894889
1084,0.25576705,0.29725537,0.27927387,0.063511685,0.083961025,0.020231048
1085,0.28905487,0.22689682,0.3414015,0.063683756,0.055457346,0.023505753
1086,0.3491634,0.23335285,0.2867911,0.075307935,0.03052219,0.02486247
1087,0.2609005,0.2757876,0.2887584,0.08152138,0.059091914,0.033940256
1088,0.23273315,0.22119372,0.27090058,0.0875108,0.14122069,0.04644114
1089,0.18738922,0.21388066,0.25498444,0.09731923,0.17776571,0.06866071
1090,0.096297905,0.14417215,0.31119737,0.081687674,0.25797576,0.10866919
1091,0.087381154,0.17353298,0.27889597,0.07961832,0.28142563,0.09914587
1092,0.0824926,0.08990589,0.3313901,0.0705093,0.31627068,0.10943142
1093,0.07125479,0.09195534,0.30659723,0.07834524,0.29093176,0.1609156
1094,0.07409369,0.10826211,0.22411135,0.09345364,0.31102094,0.1890583
1095,0.065127835,0.09761169,0.23779342,0.08721151,0.30480573,0.20744978
1096,0.06302346,0.091207914,0.25639865,0.08445218,0.28174227,0.22317551
1097,0.06837302,0.120414145,0.21767657,0.09029823,0.32630655,0.17693153
1098,0.055996917,0.108582206,0.26547962,0.07502957,0.33189029,0.1630214
1099,0.045502678,0.08918355,0.29107723,0.0649211,0.34390852,0.16540694
1100,0.052884314,0.09494222,0.29154885,0.067019746,0.35114762,0.1424572
1101,0.07167535,0.18607405,0.29063866,0.06914778,0.29421616,0.088247955
1102,0.06691463,0.1066821,0.31543654,0.06495774,0.34565338,0.10035563
1103,0.0517181,0.09377938,0.24843879,0.06633372,0.4152313,0.124498695
1104,0.04600133,0.06829806,0.27184814,0.06231468,0.4023356,0.14920214
1105,0.044649098,0.046633825,0.2558396,0.05963866,0.43424758,0.15899128
1106,0.049797777,0.043215226,0.24821305,0.063739136,0.42055517,0.17447959
1107,0.057634864,0.056902893,0.21405256,0.07293862,0.43691304,0.16155805
1108,0.059018396,0.06691181,0.2281912,0.07378973,0.4170217,0.15506719
1109,0.052077405,0.07074302,0.1955764,0.07444428,0.44006407,0.16709477
1110,0.061810017,0.0691229,0.20883754,0.0649453,0.5021143,0.093169965
1111,0.049353063,0.08717795,0.18655634,0.06583129,0.50238687,0.10869451
1112,0.06122459,0.06899332,0.16452518,0.07606545,0.5048892,0.12430225
1113,0.08273424,0.15849699,0.12135535,0.09267209,0.4577735,0.0869678
1114,0.078857526,0.16547942,0.16057964,0.084518924,0.4244782,0.08608635
1115,0.07673899,0.11652675,0.15377729,0.08593686,0.46616462,0.10085553
1116,0.078402385,0.13352588,0.12104954,0.09328591,0.47349566,0.100240625
1117,0.10159029,0.081347525,0.11643202,0.10912729,0.45229223,0.13921073
1118,0.075866885,0.054300483,0.15378463,0.08339554,0.49918225,0.13347022
1119,0.08424676,0.076059684,0.17280051,0.09143184,0.43540317,0.140058
1120,0.07117316,0.041281935,0.19229871,0.07266349,0.48771974,0.1348629
1121,0.078613475,0.055921968,0.17743592,0.07817788,0.49474567,0.11510512
1122,0.06644538,0.06901104,0.15145184,0.085886866,0.4729974,0.15420745
1123,0.117197305,0.09110214,0.17969511,0.10188881,0.38604468,0.124071956
1124,0.080662176,0.045970887,0.25002784,0.07169845,0.41888517,0.13275547
1125,0.08262467,0.0471776,0.25097045,0.07096067,0.42382938,0.12443722
1126,0.09642074,0.074091904,0.23634528,0.08304875,0.3928848,0.11720854
1127,0.09593509,0.06779777,0.26258624,0.077002004,0.38561755,0.111061394
1128,0.082044356,0.09817334,0.2735354,0.07405596,0.37068057,0.10151038
1129,0.09165058,0.093342856,0.20721743,0.08557865,0.4137299,0.108480595
1130,0.08949324,0.08028128,0.19214673,0.08953594,0.4202068,0.12833607
1131,0.11856584,0.08228933,0.16487671,0.09595278,0.43442938,0.103885904
1132,0.12696947,0.07670679,0.17106467,0.10242078,0.39674836,0.12608986
1133,0.09792905,0.06968615,0.20596725,0.092596225,0.38556468,0.14825664
1134,0.07743876,0.04274388,0.18671605,0.079236,0.45784408,0.15602128
1135,0.07044625,0.05462189,0.20229198,0.08044919,0.4250581,0.16713259
1136,0.07891415,0.09427901,0.16488138,0.088128164,0.45373395,0.1200634
1137,0.09135752,0.088888325,0.20845513,0.07656357,0.45098233,0.083753124
1138,0.085905105,0.08038903,0.18863241,0.08300413,0.45471275,0.107356496
1139,0.08376999,0.06297034,0.21672115,0.07231478,0.46928698,0.09493676
1140,0.080875054,0.04534177,0.18799204,0.07785093,0.4757284,0.13221186
1141,0.08612906,0.046306398,0.1574152,0.08605541,0.47780848,0.14628544
1142,0.08520434,0.076741904,0.16106866,0.09918525,0.40267974,0.17512015
1143,0.12590283,0.061071653,0.12609981,0.10808561,0.43968445,0.13915566
1144,0.08710477,0.05640251,0.10015071,0.10999332,0.43198377,0.21436498
1145,0.07879002,0.024177942,0.14857924,0.07451543,0.49983007,0.17410728
1146,0.06910819,0.053651243,0.1787717,0.08135241,0.45568845,0.16142805
1147,0.08651577,0.09231281,0.2131604,0.09136944,0.371011,0.14563061
1148,0.085843116,0.06855356,0.15485561,0.09328574,0.45489937,0.14256266
1149,0.04304295,0.01604553,0.06765849,0.064454265,0.6547984,0.15400043
1150,0.03974631,0.0163185,0.09408568,0.060969204,0.592241,0.19663937
1151,0.033725116,0.010895058,0.058442198,0.060121447,0.5956808,0.24113542
1152,0.031457882,0.009262058,0.049418755,0.061384264,0.4933722,0.35510483
1153,0.03934429,0.006033895,0.02902621,0.067656524,0.448447,0.40949205
1154,0.049520887,0.008053402,0.033072025,0.07699025,0.44870663,0.38365677
1155,0.043785814,0.013002359,0.03567406,0.08210497,0.45521858,0.37021416
1156,0.049770862,0.014318905,0.044526547,0.084216006,0.42997828,0.3771894
1157,0.051964987,0.015274791,0.035152342,0.09221054,0.39655623,0.40884116
1158,0.0608862,0.013274117,0.024803216,0.100435324,0.4447759,0.35582525
1159,0.047908217,0.020438118,0.029631212,0.09903027,0.4380284,0.36496377
1160,0.035463993,0.0069605527,0.032264013,0.06627207,0.4635194,0.39551994
1161,0.03634023,0.005500563,0.019318689,0.07004175,0.5255857,0.34321308
1162,0.0547113,0.006218214,0.027361272,0.075745404,0.52967167,0.30629212
1163,0.04033545,0.015820986,0.06358803,0.07147659,0.5111764,0.29760247
1164,0.046978377,0.012059065,0.0628052,0.07199613,0.46192148,0.34423968
1165,0.046707034,0.013087812,0.06393914,0.07318158,0.4608017,0.34228283
1166,0.049087893,0.02505359,0.08099969,0.08431253,0.3613079,0.3992384
1167,0.044173792,0.011011207,0.087795235,0.064714946,0.32640466,0.46590018
1168,0.053871393,0.014155798,0.110795684,0.06944249,0.35354188,0.3981928
1169,0.05386835,0.009555594,0.13952692,0.058878332,0.3154466,0.4227242
1170,0.070008956,0.0108911265,0.15301545,0.06403447,0.32153863,0.38051134
1171,0.06809837,0.012321762,0.15566558,0.06592307,0.301756,0.39623523
1172,0.07032808,0.017030256,0.16236922,0.071782805,0.30369386,0.37479582
1173,0.07413917,0.012303992,0.14746909,0.068367936,0.3159894,0.38173032
1174,0.056226827,0.012888187,0.09868596,0.07123135,0.3208396,0.44012803
1175,0.082193285,0.014611178,0.17515306,0.07028727,0.2943718,0.3633834
1176,0.08940158,0.021776116,0.18467508,0.07818107,0.31195006,0.31401604
1177,0.09225186,0.018162586,0.21103479,0.072175,0.27696502,0.3294107
1178,0.0849461,0.038911674,0.14834534,0.09781467,0.273076,0.35690627
1179,0.07841311,0.038611747,0.11174205,0.1023009,0.30102718,0.36790508
1180,0.081208065,0.029533738,0.07563568,0.10708718,0.29431942,0.4122159
1181,0.10199596,0.08744207,0.0759646,0.14410016,0.24535455,0.34514266
1182,0.10898432,0.07801271,0.06366747,0.14958549,0.26279554,0.33695447
1183,0.1227306,0.02900539,0.047959205,0.13242435,0.28416562,0.3837149
1184,0.105449945,0.028023921,0.052640386,0.12257397,0.33021712,0.36109468
1185,0.109901406,0.022691209,0.04712199,0.12108436,0.30156693,0.397634
1186,0.09421644,0.028777666,0.08480381,0.108289234,0.28262883,0.401284
1187,0.11787147,0.01746972,0.14751463,0.08438791,0.29745182,0.33530447
1188,0.15427393,0.039555166,0.1304982,0.11476355,0.27280962,0.28809947
1189,0.1670154,0.051888235,0.14980447,0.12599257,0.20802788,0.29727137
1190,0.12486437,0.037783228,0.14854053,0.108042076,0.25046334,0.3303065
1191,0.112827584,0.028875273,0.15647818,0.096289754,0.2660516,0.33947766
1192,0.118594706,0.054567464,0.20368011,0.10341902,0.2639565,0.25578225
1193,0.09904933,0.032760553,0.21523291,0.08570024,0.2702419,0.2970151
1194,0.10866133,0.030612132,0.2060212,0.0875599,0.2716012,0.29554418
1195,0.10730175,0.029415669,0.19192222,0.08793463,0.2931072,0.2903185
1196,0.092649266,0.038745794,0.22171265,0.088156864,0.24729863,0.31143677
1197,0.12061317,0.0448687,0.229509,0.095456675,0.24598767,0.26356483
1198,0.112011135,0.039472327,0.19426769,0.09725064,0.25248393,0.30451426
1199,0.13027339,0.03844968,0.17851788,0.100205034,0.291953,0.26060107
1200,0.15889211,0.02945745,0.2052618,0.09275123,0.25870335,0.25493404
1201,0.12105119,0.03284841,0.2310424,0.08735814,0.26304582,0.26465407
1202,0.1296738,0.030700365,0.270956,0.08038823,0.26609367,0.22218794
1203,0.23320304,0.026176298,0.22143579,0.09190122,0.20051664,0.22676702
1204,0.17420937,0.022966592,0.28706083,0.07421326,0.23742157,0.20412841
1205,0.16212742,0.03615294,0.29160827,0.08919034,0.18863076,0.23229022
1206,0.10655125,0.02114908,0.30468535,0.06624838,0.25321397,0.24815196
1207,0.13581856,0.019407174,0.2917394,0.067247696,0.27107954,0.21470763
1208,0.13222358,0.01771765,0.33024707,0.062380344,0.23284741,0.22458394
1209,0.10351517,0.012770014,0.29910707,0.05567856,0.30664873,0.22228043
1210,0.10657183,0.015120021,0.27818477,0.061169114,0.31591478,0.22303939
1211,0.10664827,0.0110751875,0.25944543,0.05749683,0.33534387,0.22999044
1212,0.118875794,0.015682047,0.26279822,0.063994974,0.3378707,0.20077823
1213,0.08195306,0.014271748,0.3035923,0.053439423,0.34202662,0.2047169
1214,0.09227881,0.011797769,0.28466335,0.054262176,0.32902354,0.22797431
